Fold,Train C-index,Val C-index,Test C-index,Overfit gap,N_features
1,0.6146881287726358,0.7217391304347827,0.5103092783505154,-0.10705100166214687,5.0
2,0.5553921568627451,0.6030927835051546,0.6367924528301887,-0.04770062664240948,5.0
3,0.5658682634730539,0.24056603773584906,0.5336538461538461,0.3253022257372048,5.0
4,0.7217700915564598,0.7259615384615384,0.6283185840707964,-0.004191446905078666,5.0
5,0.5372507869884575,0.6194690265486725,0.48695652173913045,-0.08221823956021501,5.0
Mean,0.5989938855306705,0.5821657033371994,0.5592061366288954,0.01682818219347095,5.0
Std,0.07438234641726808,0.19917190809499247,0.0690289721834847,0.1767188963950818,0.0
