Fold,Train C-index,Val C-index,Test C-index,Overfit gap,N_features
1,0.6901408450704225,0.5391304347826087,0.6082474226804123,0.1510104102878138,5.0
2,0.6813725490196079,0.6288659793814433,0.46226415094339623,0.05250656963816458,5.0
3,0.627744510978044,0.49056603773584906,0.8365384615384616,0.1371784732421949,5.0
4,0.6052899287894201,0.75,0.6637168141592921,-0.14471007121057988,5.0
5,0.6715634837355718,0.7168141592920354,0.5391304347826087,-0.04525067555646356,5.0
Mean,0.6552222635186132,0.6250753222383872,0.6219794568208342,0.03014694128022597,5.0
Std,0.036805044435993986,0.11126076320579731,0.1417207479948372,0.1253230379826883,0.0
