Fold,Train C-index,Val C-index,Test C-index,Overfit gap,N_features
1,0.6146881287726358,0.2782608695652174,0.4896907216494845,0.3364272592074184,5.0
2,0.5553921568627451,0.39690721649484534,0.3632075471698113,0.15848494036789978,5.0
3,0.5658682634730539,0.7594339622641509,0.46634615384615385,-0.19356569879109708,5.0
4,0.7217700915564598,0.27403846153846156,0.37168141592920356,0.4477316300179982,5.0
5,0.5372507869884575,0.3805309734513274,0.5130434782608696,0.1567198135371301,5.0
Mean,0.5989938855306705,0.4178342966628005,0.4407938633711046,0.18115958886786987,5.0
Std,0.07438234641726808,0.19917190809499244,0.0690289721834847,0.24325870287079462,0.0
