Fold,Train C-index,Val C-index,Test C-index,Overfit gap,N_features
1,0.5915492957746479,0.3391304347826087,0.422680412371134,0.2524188609920392,2.0
2,0.611764705882353,0.4639175257731959,0.24528301886792453,0.1478471801091571,2.0
3,0.6097804391217565,0.24528301886792453,0.4519230769230769,0.36449742025383197,2.0
4,0.641912512716175,0.46153846153846156,0.4424778761061947,0.18037405117771343,2.0
5,0.6044071353620147,0.4778761061946903,0.3739130434782609,0.12653102916732445,2.0
Mean,0.6118828177713894,0.39754910943137617,0.3872554855493182,0.21433370834001325,2.0
Std,0.01854423407126492,0.1019185142197125,0.08488306263508874,0.09654357364545291,0.0
