Metric,Mean,Std
Val Loss (normalised MSE),0.830086729923884,0.36534538951958645
Test MAE (mL),619.2826212370651,69.00826957029813
Test RMSE (mL),781.3148048799637,133.69444891853638
Test R²,0.04887445664304886,0.2145323010327177
