fold,val_loss,test_mae,test_rmse,test_r2
0,0.48094379901885986,568.5982150663434,677.5498826105136,0.012135908434016462
1,1.250497967004776,544.7364175126168,645.9903274212869,0.29616922680771673
2,1.3000478148460388,709.5025511290006,1021.538919872428,0.008335559888965616
3,0.5329030156135559,695.6613475009775,816.6840988157171,0.23911092939644785
4,0.5860410531361898,577.914574976387,744.8107956798731,-0.31137934131190237
