Fold,Train C-index,Val C-index,Test C-index,Overfit gap,N_features
1,0.6247484909456741,0.6608695652173913,0.6391752577319587,-0.03612107427171718,3.0
2,0.5941176470588235,0.5360824742268041,0.5566037735849056,0.05803517283201942,3.0
3,0.6287425149700598,0.8490566037735849,0.4519230769230769,-0.2203140888035251,3.0
4,0.7232960325534079,0.46153846153846156,0.5398230088495575,0.26175757101494634,3.0
5,0.6778593913955928,0.4778761061946903,0.591304347826087,0.19998328520090253,3.0
Mean,0.6497528153847117,0.5970846421901864,0.5557658929831172,0.0526681731945252,3.0
Std,0.05089328375481861,0.16113898695649692,0.06938716009844582,0.19225748946572957,0.0
