fold,train_total,train_pos,train_pct,val_total,val_pos,val_pct,test_total,test_pos,test_pct
0,49,16,32.6530612244898,17,6,35.294117647058826,18,6,33.33333333333333
1,50,16,32.0,17,6,35.294117647058826,17,6,35.294117647058826
2,51,17,33.33333333333333,16,5,31.25,17,6,35.294117647058826
3,52,18,34.61538461538461,16,5,31.25,16,5,31.25
4,50,17,34.0,18,6,33.33333333333333,16,5,31.25
