Metric,Mean,Std
Val Loss (normalised MSE),0.11915136224900684,0.04039449226019537
Test MAE (mL),260.3069188352928,23.493653601334866
Test RMSE (mL),319.11515835304465,27.78129792465558
Test R²,0.8338651584330116,0.05145858080056857
