Fold,Train C-index,Val C-index,Test C-index,Overfit gap,N_features
1,0.56841046277666,0.3826086956521739,0.38144329896907214,0.18580176712448604,1.0
2,0.5705882352941176,0.38144329896907214,0.2830188679245283,0.18914493632504548,1.0
3,0.5728542914171657,0.2830188679245283,0.3557692307692308,0.2898354234926374,1.0
4,0.6195320447609359,0.3557692307692308,0.4778761061946903,0.26376281399170515,1.0
5,0.6107030430220357,0.4778761061946903,0.3826086956521739,0.13282693682734542,1.0
Mean,0.588417615454183,0.3761432399019391,0.3761432399019391,0.2122743755522439,1.0
Std,0.0246228450996325,0.06983322585388525,0.06983322585388525,0.06366796864677475,0.0
