Metric,Mean,Std
Val Loss (normalised MSE),0.14018292621088524,0.06217287024631193
Test MAE (mL),280.68075633709213,31.378384399887736
Test RMSE (mL),337.134714236079,36.64901753272955
Test R²,0.8108659745656144,0.07148795954276407
