fold,val_loss,test_mae,test_rmse,test_r2
0,0.10357006274474163,233.82862747343026,279.2640633410983,0.8321795983618073
1,0.09882360914101203,267.70018941958796,357.4252960978494,0.7845300097069345
2,0.2612321823835373,276.4068325439716,310.13400368379956,0.9085984256072709
3,0.13729237020015717,328.3273688527796,377.8112702271194,0.8371592986384406
4,0.0999964065849781,297.14076339569147,361.0389378305284,0.6918625405136188
