Fold,Train C-index,Val C-index,Test C-index,Overfit gap,N_features
1,0.7505030181086519,0.5739130434782609,0.6701030927835051,0.17658997463039106,14.0
2,0.7107843137254902,0.5670103092783505,0.5283018867924528,0.14377400444713972,14.0
3,0.6826347305389222,0.6132075471698113,0.875,0.06942718336911091,14.0
4,0.7385554425228891,0.6057692307692307,0.5663716814159292,0.13278621175365835,14.0
5,0.7303252885624344,0.6460176991150443,0.5652173913043478,0.08430758944739014,14.0
Mean,0.7225605586916776,0.6011835659621395,0.640998810459247,0.12137699272953803,14.0
Std,0.02659727465453951,0.03196559404382191,0.14108175328372136,0.04402610911516568,0.0
