Fold,Train C-index,Val C-index,Test C-index,Overfit gap,N_features
1,0.49899396378269617,0.3130434782608696,0.3917525773195876,0.18595048552182658,3.0
2,0.5098039215686274,0.5979381443298969,0.6320754716981132,-0.08813422276126948,3.0
3,0.5858283433133733,0.6415094339622641,0.3173076923076923,-0.05568109064889082,3.0
4,0.6073245167853509,0.3173076923076923,0.5132743362831859,0.29001682447765864,3.0
5,0.5141657922350472,0.5398230088495575,0.6956521739130435,-0.02565721661451026,3.0
Mean,0.543223307537019,0.48192435154205604,0.5100124503043244,0.061298955994962934,3.0
Std,0.04960237772418167,0.15644347783128812,0.15850287803881344,0.16690255342379656,0.0
