Metric,Mean,Std
Val Loss (normalised MSE),0.13730746915098277,0.05560605645209403
Test MAE (mL),264.3693764298372,18.70075562977695
Test RMSE (mL),323.4615067478322,9.810954869038481
Test R²,0.8273523701140878,0.05430134795350289
