fold,val_loss,test_mae,test_rmse,test_r2
0,0.09915304017097999,262.9440475378654,309.089335404352,0.7944191335936844
1,0.11131418962031603,262.45949725484985,338.9520537819364,0.8062272243223386
2,0.2324836105108261,264.5053677546914,320.2869730862062,0.9025159743408171
3,0.16531839966773987,295.4458920096515,327.84862308797426,0.8773804058148754
4,0.07826810578505199,236.4920775921278,321.1305483786921,0.7562191124987234
