Fold,Train C-index,Val C-index,Test C-index,Overfit gap,N_features
1,0.5392354124748491,0.6,0.5463917525773195,-0.060764587525150904,1.0
2,0.5529411764705883,0.5463917525773195,0.5849056603773585,0.006549423893268735,1.0
3,0.564870259481038,0.5849056603773585,0.5673076923076923,-0.0200354008963205,1.0
4,0.5595116988809766,0.5673076923076923,0.5486725663716814,-0.007795993426715664,1.0
5,0.540398740818468,0.5486725663716814,0.6,-0.008273825553213432,1.0
Mean,0.5513914576251839,0.5694555343268104,0.5694555343268104,-0.018064076701626353,1.0
Std,0.011386695114376792,0.023130898108318435,0.023130898108318438,0.02566284623193093,0.0
