Fold,Train C-index,Val C-index,Test C-index,Overfit gap,N_features
1,0.5482897384305835,0.5130434782608696,0.5154639175257731,0.03524626016971388,1.0
2,0.5465686274509803,0.5154639175257731,0.5566037735849056,0.031104709925207197,1.0
3,0.499500998003992,0.5566037735849056,0.33653846153846156,-0.057102775580913645,1.0
4,0.5279755849440488,0.6634615384615384,0.5663716814159292,-0.1354859535174896,1.0
5,0.5320041972717734,0.4336283185840708,0.5130434782608696,0.09837587868770259,1.0
Mean,0.5308678292202755,0.5364402052834316,0.49760426246518785,-0.005572376063155915,1.0
Std,0.019644162590106547,0.08381331054661666,0.09315233372405254,0.09130926711963767,0.0
