Fold,Train C-index,Val C-index,Test C-index,Overfit gap,N_features
1,0.676056338028169,0.5217391304347826,0.6391752577319587,0.1543172075933864,4.0
2,0.6843137254901961,0.6391752577319587,0.4811320754716981,0.04513846775823738,4.0
3,0.6177644710578842,0.41509433962264153,0.8461538461538461,0.2026701314352427,4.0
4,0.5452695829094608,0.8557692307692307,0.7079646017699115,-0.3104996478597699,4.0
5,0.6495278069254984,0.6991150442477876,0.5652173913043478,-0.0495872373222892,4.0
Mean,0.6345863848822417,0.6261786005612803,0.6479286344863524,0.008407784320961476,4.0
Std,0.05629449220371984,0.16857095207274442,0.13931655982037938,0.20337277057617584,0.0
