Fold,Train C-index,Val C-index,Test C-index,Overfit gap,N_features
1,0.5734406438631791,0.2956521739130435,0.4845360824742268,0.27778846995013556,1.0
2,0.5843137254901961,0.4845360824742268,0.37735849056603776,0.09977764301596931,1.0
3,0.6007984031936128,0.37735849056603776,0.5288461538461539,0.223439912627575,1.0
4,0.5890132248219736,0.5288461538461539,0.3893805309734513,0.06016707097581975,1.0
5,0.5372507869884575,0.3893805309734513,0.2956521739130435,0.1478702560150062,1.0
Mean,0.5769633568714838,0.41515468635458264,0.4151546863545826,0.16180867051690115,1.0
Std,0.024273619339142398,0.09234884662170247,0.09234884662170247,0.08891409675860647,0.0
