Fold,Train C-index,Val C-index,Test C-index,Overfit gap,N_features
1,0.6267605633802817,0.5478260869565217,0.5154639175257731,0.07893447642376006,4.0
2,0.5911764705882353,0.5360824742268041,0.6132075471698113,0.0550939963614312,4.0
3,0.6237524950099801,0.839622641509434,0.4326923076923077,-0.2158701464994539,4.0
4,0.7222787385554426,0.47115384615384615,0.49557522123893805,0.2511248924015964,4.0
5,0.6778593913955928,0.4336283185840708,0.6521739130434783,0.244231072811522,4.0
Mean,0.6483655317859066,0.5656626734861353,0.5418225813340618,0.08270285829977116,4.0
Std,0.05166288525006179,0.1601656840623997,0.0894654176987725,0.18998660137538806,0.0
