Metric,Mean,Std
Val MAE,0.1395947574404999,0.0539838754727729
Test MAE,0.3437073794574008,0.0429763184592693
Test RMSE,0.4177066005131875,0.050835421884731
Test R²,0.7996921839799194,0.059573230136449
Val MAE (mL),117.70460434983427,45.5185482628301
Test MAE (mL),289.80988865857256,36.237109855768644
Test RMSE (mL),352.2051332670946,42.863810429625694
