fold,val_mae,test_mae,test_rmse,test_r2
0,0.102427396341227,0.3010039401965009,0.36882309490939785,0.7483931343041146
1,0.09830376133322716,0.39032870180466595,0.47229609672704775,0.7752711782899088
2,0.24379181116819382,0.3554486268583466,0.4409449328430221,0.9078945540914063
3,0.13890466839075089,0.3857638204935938,0.460648215130937,0.8172265165705006
4,0.11454614996910095,0.2859918079338968,0.3458206629555328,0.7496755366436667
