fold,val_mae,val_mae_mL,test_mae,test_mae_mL,test_rmse,test_rmse_mL,test_r2
0,0.102427396341227,94.96245727950553,0.3010039401965009,279.06668365022153,0.3688230949093978,341.9431582283754,0.7483931343041146
1,0.0983037613332271,75.97611036004514,0.3903287018046659,301.6736706999298,0.4722960967270477,365.02387986881683,0.7752711782899088
2,0.2437918111681938,172.12738058624532,0.3554486268583466,250.96183822144343,0.4409449328430221,311.32586410248285,0.9078945540914064
3,0.1389046683907508,120.69727652695242,0.3857638204935938,335.1985434012184,0.460648215130937,400.26721669930515,0.8172265165705006
4,0.1145461499691009,107.78615963864475,0.2859918079338968,269.11387832435224,0.3458206629555328,325.41190772210115,0.7496755366436667
