Fold,Train C-index,Val C-index,Test C-index,Overfit gap,N_features
1,0.596579476861167,0.5739130434782609,0.4639175257731959,0.02266643338290608,12.0
2,0.5980392156862745,0.4742268041237113,0.44339622641509435,0.12381241156256317,12.0
3,0.6317365269461078,0.7358490566037735,0.5576923076923077,-0.10411252965766571,12.0
4,0.6968463886063072,0.41346153846153844,0.4690265486725664,0.2833848501447688,12.0
5,0.6768100734522561,0.36283185840707965,0.591304347826087,0.3139782150451764,12.0
Mean,0.6400023363104224,0.5120564602148727,0.5050673912758503,0.12794587609554975,12.0
Std,0.04555443890180566,0.14775772936780837,0.06519543857627294,0.1758701623756833,0.0
