fold,val_loss,test_mae,test_rmse,test_r2
0,0.09405285678803921,264.10016671986597,331.84781740565506,0.7630304293156505
1,0.0958841807829837,276.1528198478986,346.6548946533728,0.7973200006668759
2,0.18009603768587112,291.41225458081414,341.41910000643895,0.8892278636832469
3,0.0728999525308609,245.8716371661128,303.3685486521292,0.8950084725273576
4,0.1528237834572792,223.9977158617727,272.28543104762736,0.8247390259719272
