Fold,Train C-index,Val C-index,Test C-index,Overfit gap,N_features
1,0.4969818913480885,0.3130434782608696,0.3917525773195876,0.18393841308721892,4.0
2,0.5127450980392156,0.5979381443298969,0.6320754716981132,-0.08519304629068125,4.0
3,0.5858283433133733,0.6320754716981132,0.3173076923076923,-0.04624712838473988,4.0
4,0.6073245167853509,0.3269230769230769,0.5132743362831859,0.280401439862274,4.0
5,0.5152151101783841,0.5398230088495575,0.6869565217391305,-0.02460789867117341,4.0
Mean,0.5436189919328825,0.4819606360123029,0.5082733198695418,0.06165835592057968,4.0
Std,0.049434350947815967,0.15157749786005564,0.15598447354416886,0.16081957569654567,0.0
