Fold,Train C-index,Val C-index,Test C-index,Overfit gap,N_features
1,0.7092555331991952,0.5652173913043478,0.5567010309278351,0.14403814189484743,14.0
2,0.6882352941176471,0.5463917525773195,0.44339622641509435,0.14184354154032752,14.0
3,0.6606786427145709,0.5660377358490566,0.8269230769230769,0.0946409068655143,14.0
4,0.6836215666327569,0.6538461538461539,0.5663716814159292,0.029775412786603006,14.0
5,0.6977964323189927,0.6106194690265486,0.5565217391304348,0.08717696329244407,14.0
Mean,0.6879174937966326,0.5884225005206852,0.589982750962474,0.09949499327594727,14.0
Std,0.018120543227135754,0.04352900866412672,0.14178603779252738,0.04694040783309876,0.0
