Fold,Train C-index,Val C-index,Test C-index,Overfit gap,N_features
1,0.5995975855130785,0.3521739130434783,0.5103092783505154,0.24742367246960023,2.0
2,0.5245098039215687,0.4072164948453608,0.3160377358490566,0.11729330907620783,2.0
3,0.5279441117764471,0.6084905660377359,0.5240384615384616,-0.08054645426128881,2.0
4,0.6317395727365208,0.4182692307692308,0.2920353982300885,0.21347034196729003,2.0
5,0.5624344176285414,0.2920353982300885,0.6217391304347826,0.2703990193984529,2.0
Mean,0.5692450983152313,0.4156371205851789,0.45283200088058095,0.15360797773005244,2.0
Std,0.046314782298066674,0.11892776257608992,0.14271635702370739,0.1433283710803203,0.0
