Metric,Mean,Std
Val Loss (normalised MSE),0.1562428639270365,0.05243463489943863
Test MAE (mL),294.97644477409006,47.71381480112984
Test RMSE (mL),362.0488237960114,45.05442784724036
Test R²,0.7773506595825133,0.09338449853426432
