fold,val_loss,test_mae,test_rmse,test_r2
0,0.12383228338633974,287.0263102313736,333.0495507269133,0.7613110275524875
1,0.08908095707496007,256.507033717047,340.19209363685576,0.8048068139763952
2,0.24623902142047882,240.98248441128314,307.81365386316645,0.9099609994900479
3,0.1655380129814148,375.8683451605268,428.14619726228347,0.7908791533855807
4,0.1565240447719892,314.4980503502197,401.042623490838,0.6197953035080552
