Configuration,Description,Val_MAE,Test_MAE,Test_RMSE,Test_R2
cnn_only,CNN features + FVC baseline only,0.11145970753083627,0.32518804517279387,0.4113445458604291,0.805895964407866
cnn_hand,CNN + Hand-crafted features + FVC baseline,0.1301489326962231,0.3335154068945402,0.4099808112643335,0.7995156210552805
cnn_demo,CNN + Demographics + FVC baseline,0.13959475744049996,0.3437073794574008,0.41770660051318753,0.7996921839799194
full,CNN + Hand-crafted + Demographics + FVC baseline (full),0.11280579172695675,0.34593281053171,0.43361472212615615,0.7977744606289031
