Fold,Train C-index,Val C-index,Test C-index,Overfit gap,N_features
1,0.5437625754527163,0.41304347826086957,0.5309278350515464,0.13071909719184677,3.0
2,0.5127450980392156,0.5103092783505154,0.4716981132075472,0.0024358196887002137,3.0
3,0.5538922155688623,0.5566037735849056,0.34615384615384615,-0.0027115580160433916,3.0
4,0.5559511698880977,0.34615384615384615,0.5176991150442478,0.20979732373425153,3.0
5,0.5246589716684156,0.5707964601769911,0.41304347826086957,-0.046137488508575575,3.0
Mean,0.5382020061234615,0.4793813673054256,0.45590447754361146,0.05882063881803591,3.0
Std,0.01886533440937484,0.09673009205129163,0.07677692796838603,0.10717394187978466,0.0
