Fold,Train C-index,Val C-index,Test C-index,Overfit gap,N_features
1,0.7152917505030181,0.5739130434782609,0.5360824742268041,0.1413787070247572,14.0
2,0.6950980392156862,0.5567010309278351,0.4716981132075472,0.13839700828785118,14.0
3,0.6656686626746507,0.5754716981132075,0.8461538461538461,0.09019696456144322,14.0
4,0.6958290946083419,0.6538461538461539,0.5752212389380531,0.041982940762188004,14.0
5,0.6998950682056663,0.6106194690265486,0.5652173913043478,0.08927559917911765,14.0
Mean,0.6943565230414726,0.5941102790784012,0.5988746127661196,0.10024624396307144,14.0
Std,0.017990767612062173,0.03871596879998914,0.14401043765740637,0.04111969084098148,0.0
