Metric,Mean,Std
Val MAE,0.11280579172695675,0.03101498237514962
Test MAE,0.34593281053171,0.0575222175586018
Test RMSE,0.43361472212615615,0.10724809271073824
Test R²,0.7977744606289031,0.049110249210822576
