fold,val_mae,test_mae,test_rmse,test_r2
0,0.09279823194568355,0.32902132347226143,0.38150418269450315,0.7307939104144783
1,0.11670318245887756,0.3505449987509671,0.43995580631264236,0.804993912335702
2,0.1631665974855423,0.4532703205066569,0.6371262205530339,0.8077051938692874
3,0.07046748325228691,0.30839581531472504,0.37591966800332993,0.8782792834113257
4,0.1208934634923935,0.2884315946139395,0.33356773306727133,0.7671000031137216
