fold,val_mae,val_mae_mL,test_mae,test_mae_mL,test_rmse,test_rmse_mL,test_r2
0,0.0927982319456835,86.03506924454202,0.3290213234722614,305.04215171293015,0.3815041826945031,353.7000445699842,0.7307939104144783
1,0.1167031824588775,90.19648637663259,0.3505449987509671,270.92600679831037,0.4399558063126423,340.02901252827013,0.804993912335702
2,0.1631665974855423,115.20255290683363,0.4532703205066569,320.0281116598785,0.6371262205530339,449.8381915336285,0.8077051938692874
3,0.0704674832522869,61.230723278023355,0.308395815314725,267.97180708200614,0.3759196680033299,326.6447459726937,0.8782792834113257
4,0.1208934634923935,113.75888372306571,0.2884315946139395,271.4096799436146,0.3335677330672713,313.88208976371897,0.7671000031137216
