Fold,Train C-index,Val C-index,Test C-index,Overfit gap,N_features
1,0.5995975855130785,0.6478260869565218,0.4896907216494845,-0.04822850144344326,2.0
2,0.5245098039215687,0.5927835051546392,0.6839622641509434,-0.06827370123307053,2.0
3,0.5279441117764471,0.3915094339622642,0.47596153846153844,0.1364346778141829,2.0
4,0.6317395727365208,0.5817307692307693,0.7079646017699115,0.05000880350575154,2.0
5,0.5624344176285414,0.7079646017699115,0.3782608695652174,-0.1455301841413701,2.0
Mean,0.5692450983152313,0.5843628794148212,0.5471679991194189,-0.015117781099589889,2.0
Std,0.046314782298066674,0.11892776257608992,0.1427163570237074,0.10970287865323435,0.0
