Fold,Train C-index,Val C-index,Test C-index,Overfit gap,N_features
1,0.56841046277666,0.6173913043478261,0.6185567010309279,-0.04898084157116611,1.0
2,0.5705882352941176,0.6185567010309279,0.7169811320754716,-0.04796846573681024,1.0
3,0.5728542914171657,0.7169811320754716,0.6442307692307693,-0.14412684065830594,1.0
4,0.6195320447609359,0.6442307692307693,0.5221238938053098,-0.024698724469833344,1.0
5,0.6107030430220357,0.5221238938053098,0.6173913043478261,0.08857914921672594,1.0
Mean,0.588417615454183,0.6238567600980609,0.6238567600980609,-0.03543914464387794,1.0
Std,0.0246228450996325,0.06983322585388521,0.06983322585388521,0.08314034902689421,0.0
