Fold,Train C-index,Val C-index,Test C-index,Overfit gap,N_features
1,0.676056338028169,0.5217391304347826,0.6391752577319587,0.1543172075933864,4.0
2,0.6862745098039216,0.6494845360824743,0.4811320754716981,0.03678997372144732,4.0
3,0.6157684630738522,0.41509433962264153,0.8461538461538461,0.20067412345121072,4.0
4,0.5462868769074263,0.8557692307692307,0.7079646017699115,-0.30948235386180445,4.0
5,0.6484784889821616,0.6991150442477876,0.5652173913043478,-0.05063655526562594,4.0
Mean,0.6345729353591062,0.6282404562313834,0.6479286344863524,0.006332479127722812,4.0
Std,0.05642545129084125,0.16883250636335573,0.13931655982037938,0.2022253032945269,0.0
