Fold,Train C-index,Val C-index,Test C-index,Overfit gap,N_features
1,0.6267605633802817,0.45217391304347826,0.4845360824742268,0.17458665033680348,4.0
2,0.5911764705882353,0.4639175257731959,0.3867924528301887,0.1272589448150394,4.0
3,0.6237524950099801,0.16037735849056603,0.5673076923076923,0.4633751365194141,4.0
4,0.7222787385554426,0.5288461538461539,0.504424778761062,0.1934325847092887,4.0
5,0.6778593913955928,0.5663716814159292,0.34782608695652173,0.11148770997966362,4.0
Mean,0.6483655317859066,0.4343373265138647,0.45817741866593825,0.21402820527204183,4.0
Std,0.05166288525006179,0.1601656840623997,0.0894654176987725,0.14335024040755692,0.0
