Fold,Train C-index,Val C-index,Test C-index,Overfit gap,N_features
1,0.6810865191146881,0.5478260869565217,0.5876288659793815,0.1332604321581664,4.0
2,0.6774509803921569,0.6082474226804123,0.49056603773584906,0.06920355771174458,4.0
3,0.6307385229540918,0.49056603773584906,0.8461538461538461,0.14017248521824277,4.0
4,0.5442522889114955,0.8365384615384616,0.7079646017699115,-0.2922861726269661,4.0
5,0.6505771248688352,0.6991150442477876,0.5304347826086957,-0.048537919378952354,4.0
Mean,0.6368210872482536,0.6364586106318064,0.6325496268495368,0.00036247661644706053,4.0
Std,0.05568982236488508,0.13591726676289534,0.1448437405412585,0.18026527686389957,0.0
