Fold,Train C-index,Val C-index,Test C-index,Overfit gap,N_features
1,0.5774647887323944,0.4956521739130435,0.4845360824742268,0.08181261481935087,2.0
2,0.5558823529411765,0.5360824742268041,0.6415094339622641,0.019799878714372388,2.0
3,0.563872255489022,0.41509433962264153,0.5288461538461539,0.14877791586638045,2.0
4,0.5747711088504578,0.5288461538461539,0.6460176991150443,0.045924955004303936,2.0
5,0.5697796432318992,0.6460176991150443,0.5130434782608696,-0.07623805588314503,2.0
Mean,0.56835402984899,0.5243385681447374,0.5627905695317117,0.04401546170425252,2.0
Std,0.008686861201934445,0.08324851237711875,0.07562105511477943,0.08284736824731276,0.0
