Fold,Train C-index,Val C-index,Test C-index,Overfit gap,N_features
1,0.5392354124748491,0.4,0.4536082474226804,0.13923541247484905,1.0
2,0.5529411764705883,0.4536082474226804,0.41509433962264153,0.09933292904790786,1.0
3,0.564870259481038,0.41509433962264153,0.4326923076923077,0.14977591985839644,1.0
4,0.5595116988809766,0.4326923076923077,0.45132743362831856,0.12681939118866892,1.0
5,0.540398740818468,0.45132743362831856,0.4,0.08907130719014938,1.0
Mean,0.5513914576251839,0.4305444656731896,0.4305444656731897,0.12084699195199433,1.0
Std,0.011386695114376792,0.02313089810831841,0.02313089810831841,0.025899978168458567,0.0
