Fold,Train C-index,Val C-index,Test C-index,Overfit gap,N_features
1,0.5920523138832998,0.3695652173913043,0.5,0.2224870964919955,1.0
2,0.5436274509803921,0.5,0.4339622641509434,0.04362745098039211,1.0
3,0.5289421157684631,0.4339622641509434,0.5913461538461539,0.09497985161751965,1.0
4,0.5747711088504578,0.40865384615384615,0.23008849557522124,0.16611726269661165,1.0
5,0.4795383001049318,0.23008849557522124,0.6304347826086957,0.24944980452971058,1.0
Mean,0.5437862579175089,0.388453964654263,0.47716633923620283,0.15533229326324588,1.0
Std,0.04369738837934415,0.10044645975197189,0.15808516280331245,0.08602990481716495,0.0
