Fold,Train C-index,Val C-index,Test C-index,Overfit gap,N_features
1,0.5372233400402414,0.6,0.5051546391752577,-0.06277665995975856,4.0
2,0.5784313725490197,0.4639175257731959,0.27358490566037735,0.11451384677582377,4.0
3,0.5548902195608783,0.5471698113207547,0.5480769230769231,0.007720408240123544,4.0
4,0.5961342828077314,0.49038461538461536,0.46017699115044247,0.10574966742311603,4.0
5,0.559286463798531,0.46017699115044247,0.40869565217391307,0.0991094726480885,4.0
Mean,0.5651931357512804,0.5123297887258016,0.43913782224738274,0.05286334702547866,4.0
Std,0.022671313495158624,0.060093979006600066,0.10606965676409869,0.07769644019756487,0.0
