Fold,Train C-index,Val C-index,Test C-index,Overfit gap,N_features
1,0.6016096579476862,0.5304347826086957,0.4329896907216495,0.07117487533899047,4.0
2,0.6147058823529412,0.41237113402061853,0.49056603773584906,0.20233474833232268,4.0
3,0.5868263473053892,0.7358490566037735,0.4326923076923077,-0.14902270929838435,4.0
4,0.6378433367243134,0.38461538461538464,0.5221238938053098,0.25322795210892873,4.0
5,0.5813221406086044,0.504424778761062,0.48695652173913045,0.07689736184754248,4.0
Mean,0.6044614729877869,0.5135390273219069,0.47306569033884927,0.09092244566588001,4.0
Std,0.022769804344658258,0.13842555172057666,0.039185521736367156,0.1556567742726969,0.0
