Fold,Train C-index,Val C-index,Test C-index,Overfit gap,N_features
1,0.6851106639839034,0.5217391304347826,0.6391752577319587,0.16337153354912082,5.0
2,0.6843137254901961,0.6494845360824743,0.4339622641509434,0.03482918940772184,5.0
3,0.6157684630738522,0.4811320754716981,0.8365384615384616,0.13463638760215413,5.0
4,0.6063072227873856,0.7596153846153846,0.6548672566371682,-0.153308161827999,5.0
5,0.6736621196222455,0.6902654867256637,0.5565217391304348,-0.016603367103418143,5.0
Mean,0.6530324389915166,0.6204473226660007,0.6242129958377933,0.03258511632551593,5.0
Std,0.03874585415601128,0.11644476220162087,0.14749839279900187,0.12698464722955854,0.0
