Fold,Train C-index,Val C-index,Test C-index,Overfit gap,N_features
1,0.5482897384305835,0.48695652173913045,0.4845360824742268,0.06133321669145303,1.0
2,0.5465686274509803,0.4845360824742268,0.44339622641509435,0.062032544976753534,1.0
3,0.499500998003992,0.44339622641509435,0.6634615384615384,0.05610477158889765,1.0
4,0.5279755849440488,0.33653846153846156,0.4336283185840708,0.19143712340558727,1.0
5,0.5320041972717734,0.5663716814159292,0.48695652173913045,-0.0343674841441558,1.0
Mean,0.5308678292202755,0.4635597947165685,0.5023957375348121,0.06730803450370713,1.0
Std,0.019644162590106547,0.08381331054661666,0.09315233372405254,0.08052171157753006,0.0
