Metric,Mean,Std
Val Loss (normalised MSE),0.12874069599201904,0.06130578366602352
Test MAE (mL),286.5996872512893,31.676050780062234
Test RMSE (mL),355.18253111848514,30.273232559064184
Test R²,0.7927073771761893,0.06697760714153647
