fold,val_loss,test_mae,test_rmse,test_r2
0,0.08309371895544852,240.4374109579023,309.4704595068071,0.7939118360569637
1,0.09833974577486515,274.0659421452549,369.1309817289641,0.7701856113661256
2,0.24732252955436707,286.72856554981735,335.4800407920728,0.8930481553687745
3,0.1276964209973812,338.3970180504629,398.0273057163482,0.8192664080078086
4,0.08725106467803319,293.36949955300895,363.80386784823327,0.6871248750812745
