Fold,Train C-index,Val C-index,Test C-index,Overfit gap,N_features
1,0.6911468812877264,0.5391304347826087,0.6185567010309279,0.1520164465051177,5.0
2,0.6813725490196079,0.6391752577319587,0.46226415094339623,0.04219729128764915,5.0
3,0.6237524950099801,0.4716981132075472,0.8365384615384616,0.15205438180243291,5.0
4,0.6083418107833164,0.7596153846153846,0.6548672566371682,-0.1512735738320682,5.0
5,0.6694648478488983,0.6991150442477876,0.5478260869565217,-0.029650196398889328,5.0
Mean,0.6548157167899058,0.6217468469170574,0.6240105314212951,0.03306886987284845,5.0
Std,0.036621590556275466,0.11687323815849743,0.13974616632753234,0.12874900381989374,0.0
