Fold,Train C-index,Val C-index,Test C-index,Overfit gap,N_features
1,0.7112676056338029,0.5391304347826087,0.4845360824742268,0.17213717085119418,20.0
2,0.6686274509803921,0.4948453608247423,0.41509433962264153,0.17378209015564983,20.0
3,0.7255489021956087,0.6886792452830188,0.5673076923076923,0.03686965691258992,20.0
4,0.7314343845371313,0.40384615384615385,0.5221238938053098,0.3275882306909774,20.0
5,0.7156348373557188,0.5752212389380531,0.5826086956521739,0.14041359841766565,20.0
Mean,0.7105026361405307,0.5403444867349153,0.5143341407724089,0.1701581494056154,20.0
Std,0.024723389800821664,0.10478910690036806,0.06757357965431493,0.1042255253170925,0.0
