Fold,Train C-index,Val C-index,Test C-index,Overfit gap,N_features
1,0.5221327967806841,0.4608695652173913,0.5257731958762887,0.06126323156329283,1.0
2,0.5392156862745098,0.5257731958762887,0.5566037735849056,0.013442490398221096,1.0
3,0.4880239520958084,0.5566037735849056,0.36538461538461536,-0.06857982148909725,1.0
4,0.5106815869786369,0.6346153846153846,0.46017699115044247,-0.12393379763674772,1.0
5,0.5236096537250787,0.5398230088495575,0.4608695652173913,-0.016213355124478745,1.0
Mean,0.5167327351709435,0.5435369856287056,0.47376162824272877,-0.02680425045776196,1.0
Std,0.018991750739564373,0.06250852733190505,0.07359407038379656,0.07188044913814705,0.0
