Fold,Train C-index,Val C-index,Test C-index,Overfit gap,N_features
1,0.5583501006036218,0.5043478260869565,0.4742268041237113,0.05400227451666528,1.0
2,0.5607843137254902,0.4742268041237113,0.4811320754716981,0.08655750960177888,1.0
3,0.5479041916167665,0.4811320754716981,0.5288461538461539,0.0667721161450684,1.0
4,0.513733468972533,0.47115384615384615,0.3274336283185841,0.04257962281868688,1.0
5,0.5068205666316894,0.3274336283185841,0.4956521739130435,0.17938693831310532,1.0
Mean,0.5375185283100202,0.45165883603095924,0.4614581671346382,0.08585969227906096,1.0
Std,0.02545195020246678,0.07065067648466254,0.07781877764598785,0.054772775494268414,0.0
