Metric,Mean,Std
Val Loss (normalised MSE),0.13487965011930403,0.06982856740813906
Test MAE (mL),270.0230031143851,36.46508483600503
Test RMSE (mL),334.61225191602256,24.547457597206474
Test R²,0.8185475523790273,0.05376166384916341
