fold,val_loss,test_mae,test_rmse,test_r2
0,0.08691992955088305,206.26542680371685,287.40307058679366,0.8222549732608239
1,0.10985860725243886,255.79970955804407,339.1081356178885,0.8060487248928521
2,0.2708852142095566,285.3214039167646,347.7228271344914,0.8850996612687185
3,0.1253942847251892,310.91919480922286,358.186321676793,0.8536370546015182
4,0.08134021485845248,291.8092804841773,340.6409045641464,0.7256973478712248
