Fold,Train C-index,Val C-index,Test C-index,Overfit gap,N_features
1,0.6861167002012073,0.4608695652173913,0.36082474226804123,0.225247134983816,5.0
2,0.6843137254901961,0.36082474226804123,0.5566037735849056,0.32348898322215486,5.0
3,0.6187624750499002,0.5188679245283019,0.16346153846153846,0.09989455052159835,5.0
4,0.6073245167853509,0.2403846153846154,0.34513274336283184,0.3669399014007355,5.0
5,0.6694648478488983,0.30973451327433627,0.4434782608695652,0.359730334574562,5.0
Mean,0.6531964530751105,0.37813627213453727,0.3739002117093765,0.2750601809405734,5.0
Std,0.03743868775587013,0.11247689139179744,0.14448587022736345,0.11304933045604058,0.0
