Fold,Train C-index,Val C-index,Test C-index,Overfit gap,N_features
1,0.5437625754527163,0.5869565217391305,0.4690721649484536,-0.04319394628641415,3.0
2,0.5127450980392156,0.4896907216494845,0.5283018867924528,0.023054376389731124,3.0
3,0.5538922155688623,0.44339622641509435,0.6538461538461539,0.1104959891537679,3.0
4,0.5559511698880977,0.6538461538461539,0.4823008849557522,-0.09789498395805618,3.0
5,0.5246589716684156,0.42920353982300885,0.5869565217391305,0.09545543184540672,3.0
Mean,0.5382020061234615,0.5206186326945744,0.5440955224563886,0.017583373428887085,3.0
Std,0.01886533440937484,0.09673009205129164,0.07677692796838605,0.08910089384066992,0.0
