fold_idx,val_auc,test_auc,test_acc,test_f1
4,0.7121212121212122,0.4181818181818182,0.375,0.4444444444444444
