Metric,Mean,Std
Val Loss (normalised MSE),0.10839980936143548,0.051538085596311664
Test MAE (mL),254.47059087122398,37.08738576623846
Test RMSE (mL),326.2068412811528,60.22189504777433
Test R²,0.8212263942455875,0.09381810588963072
