fold,val_loss,test_mae,test_rmse,test_r2
0,0.07462881579219054,303.81171291756465,409.0989989211357,0.6398598972934525
1,0.08888628116498391,240.15260584249103,318.89612683614195,0.8284800229449674
2,0.21104207634925842,262.86078914569487,324.1385419471351,0.90015731457296
3,0.08546522259712219,272.9202778102181,354.6517181440946,0.8565114381655847
4,0.08197665090362231,192.60756864015121,224.2488205572566,0.8811232982509732
