Fold,Train C-index,Val C-index,Test C-index,Overfit gap,N_features
1,0.6921529175050302,0.5391304347826087,0.5979381443298969,0.15302248272242147,5.0
2,0.6784313725490196,0.5876288659793815,0.4716981132075472,0.09080250656963818,5.0
3,0.6307385229540918,0.5,0.8365384615384616,0.13073852295409183,5.0
4,0.6093591047812817,0.75,0.6637168141592921,-0.14064089521871825,5.0
5,0.6747114375655824,0.7168141592920354,0.5304347826086957,-0.04210272172645302,5.0
Mean,0.6570786710710012,0.6187146920108051,0.6200652631687786,0.03836397906019604,5.0
Std,0.03524207530522445,0.10983225647836672,0.14080318456753513,0.12544626632558897,0.0
