Fold,Train C-index,Val C-index,Test C-index,Overfit gap,N_features
1,0.5985915492957746,0.4782608695652174,0.4845360824742268,0.12033067973055722,3.0
2,0.6107843137254902,0.4742268041237113,0.32075471698113206,0.13655750960177893,3.0
3,0.6047904191616766,0.2641509433962264,0.4807692307692308,0.34063947576545023,3.0
4,0.6480162767039674,0.47115384615384615,0.5575221238938053,0.1768624305501213,3.0
5,0.6169989506820567,0.6106194690265486,0.3739130434782609,0.006379481655508057,3.0
Mean,0.6158363019137931,0.45968238645311,0.4434990395193312,0.15615391546068313,3.0
Std,0.019247195464141727,0.12420028444761884,0.09484559739511343,0.12099945136300946,0.0
