Fold,Train C-index,Val C-index,Test C-index,Overfit gap,N_features
1,0.693158953722334,0.5304347826086957,0.5567010309278351,0.16272417111363835,5.0
2,0.6813725490196079,0.5773195876288659,0.5094339622641509,0.10405296139074194,5.0
3,0.6297405189620758,0.49056603773584906,0.8173076923076923,0.13917448122622678,5.0
4,0.6174974567650051,0.7403846153846154,0.6194690265486725,-0.1228871586196103,5.0
5,0.6684155299055614,0.7079646017699115,0.5391304347826087,-0.03954907186435008,5.0
Mean,0.658037001674917,0.6093339250255875,0.6084084293661919,0.04870307664932934,5.0
Std,0.03290121110670752,0.10983862863646977,0.12352153617128288,0.12397695887419341,0.0
