Fold,Train C-index,Val C-index,Test C-index,Overfit gap,N_features
1,0.6247484909456741,0.3391304347826087,0.36082474226804123,0.2856180561630654,3.0
2,0.5941176470588235,0.4639175257731959,0.44339622641509435,0.13020012128562763,3.0
3,0.6287425149700598,0.1509433962264151,0.5480769230769231,0.4777991187436448,3.0
4,0.7232960325534079,0.5384615384615384,0.46017699115044247,0.18483449409186947,3.0
5,0.6778593913955928,0.5221238938053098,0.40869565217391307,0.15573549759028305,3.0
Mean,0.6497528153847117,0.4029153578098136,0.4442341070168829,0.24683745757489808,3.0
Std,0.05089328375481861,0.16113898695649695,0.06938716009844585,0.14194666830103486,0.0
