Metric,Mean,Std
Val Loss (normalised MSE),0.8151338537534076,0.2918281366381687
Test MAE (mL),582.050485293721,116.84457003959265
Test RMSE (mL),743.6311234173337,157.23370007823453
Test R²,0.1492220142776977,0.18672100239586445
