fold,val_loss,test_mae,test_rmse,test_r2
0,0.6188532114028931,453.7710051576897,639.2297161518645,0.12071723088169917
1,1.1585910220940907,486.96653694230577,571.491114415201,0.44914767663134736
2,1.18300461769104,751.9050655291762,1015.9399008094487,0.019176325490233737
3,0.5837218463420868,687.8128477330005,812.5281204590171,0.2468353174282042
4,0.5314985712369283,529.796971106433,678.9667652511366,-0.08976647904299595
