{
  "n": 106,
  "mean": -4.205365310640531,
  "std": 6.4419466566774455,
  "median": -3.4439536015312493,
  "min": -28.18257491675916,
  "max": 14.68261173184358,
  "q1": -7.677115440945137,
  "q3": -0.34305580766115484,
  "iqr": 7.3340596332839825,
  "extreme_pct": 16.037735849056602,
  "within_1std_pct": 76.41509433962264,
  "fold": 1,
  "split": "train"
}