{
  "n": 35,
  "mean": -4.472400591555374,
  "std": 4.545364785865001,
  "median": -4.980366889023679,
  "min": -15.030662522741034,
  "max": 4.677616413093566,
  "q1": -6.672393157266848,
  "q3": -0.42465695216611365,
  "iqr": 6.247736205100734,
  "extreme_pct": 8.571428571428571,
  "within_1std_pct": 68.57142857142857,
  "fold": 0,
  "split": "val"
}