{
  "n": 106,
  "mean": -4.814531089244287,
  "std": 6.442279610087985,
  "median": -4.007445467005883,
  "min": -28.18257491675916,
  "max": 14.68261173184358,
  "q1": -7.947346854907579,
  "q3": -1.096606547951426,
  "iqr": 6.850740306956153,
  "extreme_pct": 16.037735849056602,
  "within_1std_pct": 83.01886792452831,
  "fold": 3,
  "split": "train"
}