{
  "n": 35,
  "mean": -2.6741616057887008,
  "std": 5.973831393966669,
  "median": -2.3159203980099616,
  "min": -18.381778526816763,
  "max": 9.052208392994824,
  "q1": -5.683981933020959,
  "q3": 0.4317359353994371,
  "iqr": 6.115717868420396,
  "extreme_pct": 8.571428571428571,
  "within_1std_pct": 77.14285714285715,
  "fold": 4,
  "split": "val"
}