{
  "n": 35,
  "mean": -4.672354011182707,
  "std": 5.494972456494236,
  "median": -3.4103143146833537,
  "min": -23.114528530959085,
  "max": 2.5611193505581062,
  "q1": -7.687034771567684,
  "q3": -0.8193008669793167,
  "iqr": 6.867733904588367,
  "extreme_pct": 14.285714285714285,
  "within_1std_pct": 77.14285714285715,
  "fold": 2,
  "split": "val"
}