{
  "n": 35,
  "mean": -2.7145411223047256,
  "std": 4.747782063333737,
  "median": -3.1671258700696137,
  "min": -16.46481704865299,
  "max": 9.052208392994824,
  "q1": -5.200989782588314,
  "q3": 0.3488857788264426,
  "iqr": 5.549875561414757,
  "extreme_pct": 2.857142857142857,
  "within_1std_pct": 71.42857142857143,
  "fold": 3,
  "split": "val"
}