{
  "n": 105,
  "mean": -4.470306742014112,
  "std": 6.17272539234126,
  "median": -3.506461838575948,
  "min": -24.291011284911367,
  "max": 14.68261173184358,
  "q1": -7.370692539310792,
  "q3": -1.0813172043010897,
  "iqr": 6.2893753350097015,
  "extreme_pct": 15.238095238095239,
  "within_1std_pct": 76.19047619047619,
  "fold": 0,
  "split": "train"
}