{
  "n": 35,
  "mean": -4.33096949017619,
  "std": 5.869109853096357,
  "median": -3.4103143146833537,
  "min": -23.287499999999955,
  "max": 4.677616413093566,
  "q1": -7.891316705990581,
  "q3": -0.4317624726013273,
  "iqr": 7.459554233389254,
  "extreme_pct": 14.285714285714285,
  "within_1std_pct": 71.42857142857143,
  "fold": 4,
  "split": "test"
}