{
  "n": 35,
  "mean": -2.7656053698520218,
  "std": 5.781773382379127,
  "median": -2.356115107913672,
  "min": -18.381778526816763,
  "max": 14.68261173184358,
  "q1": -5.99566333299367,
  "q3": -0.7302676768355114,
  "iqr": 5.265395656158159,
  "extreme_pct": 11.428571428571429,
  "within_1std_pct": 77.14285714285715,
  "fold": 2,
  "split": "test"
}