Fold,Train C-index,Val C-index,Test C-index,Overfit gap,N_features
1,0.6770623742454729,0.5391304347826087,0.5979381443298969,0.1379319394628642,4.0
2,0.6784313725490196,0.6288659793814433,0.5,0.049565393167576355,4.0
3,0.6307385229540918,0.44339622641509435,0.8557692307692307,0.18734229653899748,4.0
4,0.5442522889114955,0.8461538461538461,0.6991150442477876,-0.3019015572423507,4.0
5,0.6495278069254984,0.7079646017699115,0.5652173913043478,-0.05843679484441311,4.0
Mean,0.6360024731171157,0.6331022177005808,0.6436079621302526,0.002900255416534847,4.0
Std,0.055033778525977364,0.15478402514844697,0.13869706261781137,0.19435562510896615,0.0
