Fold,Train C-index,Val C-index,Test C-index,Overfit gap,N_features
1,0.6790744466800804,0.5478260869565217,0.6082474226804123,0.13124835972355875,4.0
2,0.6725490196078432,0.5979381443298969,0.5,0.0746108752779463,4.0
3,0.6307385229540918,0.4528301886792453,0.8557692307692307,0.17790833427484654,4.0
4,0.5442522889114955,0.8461538461538461,0.7168141592920354,-0.3019015572423507,4.0
5,0.6537250786988458,0.7079646017699115,0.5478260869565217,-0.05423952307106572,4.0
Mean,0.6360678713704713,0.6305425735778843,0.64573137993964,0.005525297792587036,4.0
Std,0.054659673901422845,0.15163207858425265,0.142650612377417,0.19259940394129318,0.0
