Fold,Train C-index,Val C-index,Test C-index,Overfit gap,N_features
1,0.6408450704225352,0.6347826086956522,0.5670103092783505,0.006062461726883073,5.0
2,0.6323529411764706,0.4536082474226804,0.6132075471698113,0.17874469375379015,5.0
3,0.6736526946107785,0.6792452830188679,0.4519230769230769,-0.005592588408089405,5.0
4,0.6927772126144456,0.4326923076923077,0.584070796460177,0.26008490492213787,5.0
5,0.6295907660020986,0.6283185840707964,0.6521739130434783,0.0012721819313021854,5.0
Mean,0.6538437369652657,0.565729406180061,0.5736771285749788,0.08811433078520478,5.0
Std,0.02796085015334844,0.11384378340111335,0.0753341275111626,0.12333166239760762,0.0
