Fold,Train C-index,Val C-index,Test C-index,Overfit gap,N_features
1,0.5372233400402414,0.4,0.4948453608247423,0.1372233400402414,4.0
2,0.5784313725490197,0.5360824742268041,0.7264150943396226,0.042348898322215556,4.0
3,0.5548902195608783,0.4528301886792453,0.4519230769230769,0.10206003088163296,4.0
4,0.5961342828077314,0.5096153846153846,0.5398230088495575,0.08651889819234682,4.0
5,0.559286463798531,0.5398230088495575,0.591304347826087,0.019463454948973502,4.0
Mean,0.5651931357512804,0.4876702112741983,0.5608621777526173,0.07752292447708205,4.0
Std,0.022671313495158624,0.06009397900660005,0.10606965676409864,0.04705117126607079,0.0
