Fold,Train C-index,Val C-index,Test C-index,Overfit gap,N_features
1,0.5855130784708249,0.4260869565217391,0.4948453608247423,0.1594261219490858,9.0
2,0.5931372549019608,0.5360824742268041,0.5566037735849056,0.05705478067515668,9.0
3,0.6007984031936128,0.39622641509433965,0.5288461538461539,0.20457198809927313,9.0
4,0.6653102746693794,0.49038461538461536,0.584070796460177,0.17492565928476406,9.0
5,0.6631689401888772,0.6548672566371682,0.4434782608695652,0.008301683551709016,9.0
Mean,0.621585590284931,0.5007295435729333,0.5215688691171089,0.12085604671199775,9.0
Std,0.03931813848455918,0.10198982975917231,0.0547703919047895,0.08390265008365846,0.0
