Metric,Mean,Std
Val Loss (normalised MSE),0.13592666403080028,0.05628744827906784
Test MAE (mL),274.96614736673143,10.595843293324153
Test RMSE (mL),328.9851522962306,6.3761412533385755
Test R²,0.8201890070038045,0.05970710103343455
