fold,val_loss,test_mae,test_rmse,test_r2
0,0.08281759172677994,258.28923617198313,322.22811891224615,0.7765699809388228
1,0.1517713493667543,275.0056479523896,340.34637691738544,0.804629726533744
2,0.22565090656280518,276.79088762390796,323.7684331739436,0.900385189708713
3,0.15058254450559616,291.5974830767325,328.5366951770193,0.8768651701158455
4,0.06881092799206574,273.14748200864415,330.0461373005585,0.7424949677218975
