fold,val_mae,val_mae_mL,test_mae,test_mae_mL,test_rmse,test_rmse_mL,test_r2
0,0.085747689474374,79.49837240223852,0.2887007772094673,267.6601788351742,0.375243032799719,347.8952091388145,0.7395576851274995
1,0.0843877557272207,65.22083545139743,0.3561625498182633,275.2676481969068,0.4552129712579791,351.8208303788503,0.791234216634612
2,0.2451664954423904,173.0979661121362,0.3495740680133595,246.81414999007058,0.4175334486442135,294.79636119806804,0.9174153862087228
3,0.1150340139865875,99.95554762124159,0.3605362924281508,313.2777975668114,0.4277621931306021,371.69183951990027,0.8423916585183304
4,0.1204087088505427,113.30273708499713,0.3126033470034599,294.15492596458904,0.3741524104891534,352.071644983671,0.7069791587872378
