Fold,Train C-index,Val C-index,Test C-index,Overfit gap,N_features
1,0.6901408450704225,0.5478260869565217,0.4742268041237113,0.14231475811390082,17.0
2,0.6617647058823529,0.4639175257731959,0.39622641509433965,0.19784718010915703,17.0
3,0.6506986027944112,0.7169811320754716,0.6057692307692307,-0.06628252928106049,17.0
4,0.7273652085452695,0.4230769230769231,0.5221238938053098,0.30428828546834646,17.0
5,0.7145855194123819,0.5132743362831859,0.6086956521739131,0.20131118312919605,17.0
Mean,0.6889109763409677,0.5330152008330595,0.521408399193301,0.15589577550790795,17.0
Std,0.0329261605919738,0.11326235203443644,0.09032297385755038,0.137286616028421,0.0
