Fold,Train C-index,Val C-index,Test C-index,Overfit gap,N_features
1,0.5774647887323944,0.5043478260869565,0.5154639175257731,0.07311696264543788,2.0
2,0.5558823529411765,0.4639175257731959,0.3584905660377358,0.0919648271679806,2.0
3,0.563872255489022,0.5849056603773585,0.47115384615384615,-0.021033404888336493,2.0
4,0.5747711088504578,0.47115384615384615,0.35398230088495575,0.10361726269661165,2.0
5,0.5697796432318992,0.35398230088495575,0.48695652173913045,0.21579734234694348,2.0
Mean,0.56835402984899,0.4756614318552626,0.4372094304682882,0.09269259799372742,2.0
Std,0.008686861201934445,0.08324851237711875,0.07562105511477943,0.08454505494459204,0.0
