Metric,Mean,Std
Val MAE,0.1114597075308362,0.0315885139754264
Test MAE,0.3251880451727938,0.0617315577618682
Test RMSE,0.4113445458604291,0.0717393802867855
Test R²,0.805895964407866,0.0642934028801927
Val MAE (mL),93.9814719149265,26.635051399129818
Test MAE (mL),274.1946108733656,52.05129988750971
Test RMSE (mL),346.84072603945117,60.4897743137491
