fold,val_mae,test_mae,test_rmse,test_r2
0,0.07995063314835231,0.25633046631183887,0.3306171228423617,0.7978205753154826
1,0.08935893109689157,0.4083877056837082,0.518881052037499,0.7287525364956282
2,0.16994968056678772,0.3320615680559593,0.4153602586857222,0.9182728264611218
3,0.11514011397957802,0.37423793389461935,0.455767198041734,0.8210793223497196
4,0.10289917886257172,0.2549225519178435,0.3360970976948286,0.7635545614173779
