Fold,Train C-index,Val C-index,Test C-index,Overfit gap,N_features
1,0.6770623742454729,0.46956521739130436,0.36082474226804123,0.20749715685416853,4.0
2,0.6823529411764706,0.36082474226804123,0.5,0.3215281989084294,4.0
3,0.6187624750499002,0.5849056603773585,0.15384615384615385,0.03385681467254176,4.0
4,0.5462868769074263,0.14423076923076922,0.2920353982300885,0.40205610767665706,4.0
5,0.6495278069254984,0.3008849557522124,0.43478260869565216,0.348642851173286,4.0
Mean,0.6347984948609537,0.37208226900393715,0.3482977806079871,0.26271622585701654,4.0
Std,0.05557893922843212,0.16726387566756168,0.13381610931368468,0.14635881545639798,0.0
