Fold,Train C-index,Val C-index,Test C-index,Overfit gap,N_features
1,0.5583501006036218,0.4956521739130435,0.5257731958762887,0.06269792669057828,1.0
2,0.5607843137254902,0.5257731958762887,0.5188679245283019,0.03501111784920152,1.0
3,0.5479041916167665,0.5188679245283019,0.47115384615384615,0.02903626708846463,1.0
4,0.513733468972533,0.5288461538461539,0.672566371681416,-0.01511268487362083,1.0
5,0.5068205666316894,0.672566371681416,0.5043478260869565,-0.16574580504972658,1.0
Mean,0.5375185283100202,0.5483411639690409,0.538541832865362,-0.010822635659020596,1.0
Std,0.02545195020246678,0.07065067648466257,0.07781877764598788,0.09098671759302601,0.0
