Fold,Train C-index,Val C-index,Test C-index,Overfit gap,N_features
1,0.704225352112676,0.591304347826087,0.5257731958762887,0.11292100428658902,13.0
2,0.6598039215686274,0.5154639175257731,0.4056603773584906,0.1443400040428543,13.0
3,0.6467065868263473,0.6226415094339622,0.8269230769230769,0.02406507739238506,13.0
4,0.698880976602238,0.5576923076923077,0.5132743362831859,0.14118866890993031,13.0
5,0.7229800629590766,0.584070796460177,0.5565217391304348,0.13890926649889956,13.0
Mean,0.6865193800137931,0.5742345757876615,0.5656305451142953,0.11228480422613166,13.0
Std,0.03199400779966486,0.040183941089301525,0.15674580774997002,0.05087965254746045,0.0
