{
  "n": 176,
  "mean": -4.524301442436291,
  "std": 6.118035074381015,
  "median": -3.9091097159817574,
  "min": -28.18257491675916,
  "max": 14.68261173184358,
  "q1": -7.5885244903379245,
  "q3": -0.9500830195184365,
  "iqr": 6.638441470819488,
  "extreme_pct": 14.204545454545455,
  "within_1std_pct": 78.4090909090909
}