threshold,accuracy,precision,recall,specificity,f1,tp,tn,fp,fn,fold
0.3199999999999999,0.7058823529411765,0.5454545454545454,1.0,0.5454545454545454,0.7058823529411765,6,6,5,0,fold_0
0.3199999999999999,0.7058823529411765,0.6666666666666666,0.3333333333333333,0.9090909090909091,0.4444444444444444,2,10,1,4,fold_1
0.3199999999999999,0.625,0.4444444444444444,0.8,0.5454545454545454,0.5714285714285714,4,6,5,1,fold_2
0.3199999999999999,0.375,0.3076923076923077,0.8,0.18181818181818182,0.4444444444444444,4,2,9,1,fold_3
0.3199999999999999,0.6111111111111112,0.46153846153846156,1.0,0.4166666666666667,0.631578947368421,6,5,7,0,fold_4
