Fold,Train C-index,Val C-index,Test C-index,Overfit gap,N_features
1,0.5975855130784709,0.6,0.6907216494845361,-0.0024144869215291243,2.0
2,0.5490196078431373,0.6185567010309279,0.5188679245283019,-0.06953709318779056,2.0
3,0.590818363273453,0.8207547169811321,0.5673076923076923,-0.22993635370767906,2.0
4,0.6958290946083419,0.5673076923076923,0.48672566371681414,0.12852140230064957,2.0
5,0.6747114375655824,0.4778761061946903,0.591304347826087,0.1968353313708921,2.0
Mean,0.6215928032737971,0.6168990433028886,0.5709854555726863,0.004693759970908584,2.0
Std,0.061487602602081415,0.1261270592698347,0.07838859774114475,0.16797596959414787,0.0
