Metric,Mean,Std
Val MAE,0.1301489326962231,0.0593597981557645
Test MAE,0.3335154068945402,0.0280947226975296
Test RMSE,0.4099808112643335,0.0313354614611636
Test R²,0.7995156210552805,0.0747866857144414
Val MAE (mL),109.73999962779182,50.051460988342264
Test MAE (mL),281.216141156506,23.689129019336814
Test RMSE (mL),345.6908415880954,26.421680591965167
