Metric,Mean,Std
Val MAE,0.1301489326962231,0.059359798155764545
Test MAE,0.3335154068945402,0.028094722697529682
Test RMSE,0.4099808112643335,0.03133546146116361
Test R²,0.7995156210552805,0.0747866857144414
