fold,val_mae,test_mae,test_rmse,test_r2
0,0.08574768947437406,0.28870077720946735,0.375243032799719,0.7395576851274995
1,0.08438775572722079,0.35616254981826334,0.45521297125797916,0.791234216634612
2,0.24516649544239044,0.3495740680133595,0.41753344864421355,0.9174153862087229
3,0.11503401398658752,0.3605362924281508,0.42776219313060215,0.8423916585183304
4,0.12040870885054271,0.31260334700345993,0.37415241048915343,0.7069791587872378
