Fold,Train C-index,Val C-index,Test C-index,Overfit gap,N_features
1,0.6871227364185111,0.5478260869565217,0.6082474226804123,0.13929664946198939,5.0
2,0.6745098039215687,0.5979381443298969,0.4811320754716981,0.07657165959167178,5.0
3,0.6287425149700598,0.49056603773584906,0.8461538461538461,0.13817647723421078,5.0
4,0.6073245167853509,0.75,0.672566371681416,-0.14267548321464907,5.0
5,0.6715634837355718,0.7079646017699115,0.5304347826086957,-0.03640111803433965,5.0
Mean,0.6538526111662125,0.6188589741584358,0.6277068997192137,0.03499363700777665,5.0
Std,0.034068593864797464,0.10848987424144386,0.14235181395781266,0.12239084546478439,0.0
