Fold,Train C-index,Val C-index,Test C-index,Overfit gap,N_features
1,0.5975855130784709,0.4,0.30927835051546393,0.19758551307847083,2.0
2,0.5490196078431373,0.38144329896907214,0.4811320754716981,0.16757630887406516,2.0
3,0.590818363273453,0.1792452830188679,0.4326923076923077,0.41157308025458517,2.0
4,0.6958290946083419,0.4326923076923077,0.5132743362831859,0.26313678691603415,2.0
5,0.6747114375655824,0.5221238938053098,0.40869565217391307,0.15258754376027261,2.0
Mean,0.6215928032737971,0.3831009566971115,0.42901454442731374,0.23849184657668557,2.0
Std,0.061487602602081415,0.1261270592698347,0.07838859774114475,0.1056484469669179,0.0
