Approach,Mean_MSE,Std_MSE,Min_MSE,Max_MSE
CNN Only,57.833874,11.340608,41.705498,74.83476
CNN + Handcrafted,34.993122,8.292351,27.437958,50.339344
CNN + Demographics,34.973927,7.713983,27.831518,48.963932
CNN + Handcrafted + Demographics,34.96164,7.821255,27.53211,49.074913
