Approach,MAE_Mean,MAE_Std,RMSE_Mean,RMSE_Std,R2_Mean,R2_Std,PctError_Mean,PctError_Std,N_Folds
CNN Only,285.5084499350588,30.197966663301322,383.5983335537454,29.157051667076512,0.7823123945969235,0.05217564555940757,12.508589574385223,2.225684022522135,5
CNN + Handcrafted,252.99417912481732,24.55840237141713,332.2971763807303,38.54937882893372,0.8338784161137122,0.05211295175544558,10.980031883125587,1.7151785123065453,5
CNN + Demographics,251.71490364389047,23.90014421007861,330.921876918506,39.01458382416184,0.8351096440047607,0.05245466569660444,10.933972701086986,1.7047356445850255,5
CNN + Handcrafted + Demographics,253.3255326292056,24.675020733091795,332.0932420355539,38.16760991045873,0.8341379259513143,0.052065805767377175,10.989375864363325,1.6607029405831533,5
