Comparison,N_Common_Patients,Mean_MAE_1,Mean_MAE_2,Mean_Difference,T_Statistic,P_Value,Significant
CNN Only vs CNN + Handcrafted,165,284.3713737262603,252.95331064603013,31.418063080230155,2.130180053192834,0.034648148148653114,Yes
CNN Only vs CNN + Demographics,165,284.3713737262603,251.71450216610432,32.65687156015596,2.220776057937383,0.027736213774572527,Yes
CNN Only vs CNN + HF + Demo,165,284.3713737262603,253.27930616521812,31.09206756104217,2.1035148043060254,0.036946536946779344,Yes
CNN + Handcrafted vs CNN + Demographics,165,252.95331064603013,251.71450216610432,1.2388084799258081,1.3286459102317678,0.18581056635343848,No
CNN + Handcrafted vs CNN + HF + Demo,165,252.95331064603013,253.27930616521812,-0.325995519187984,-0.31242156797005133,0.7551170506533196,No
CNN + Demographics vs CNN + HF + Demo,165,251.71450216610432,253.27930616521812,-1.564803999113792,-1.9615530746041057,0.051507532794423806,No
