Fold,Train C-index,Val C-index,Test C-index,Overfit gap,N_features
1,0.7092555331991952,0.5652173913043478,0.5463917525773195,0.14403814189484743,14.0
2,0.6862745098039216,0.5463917525773195,0.44339622641509435,0.13988275722660204,14.0
3,0.6586826347305389,0.5566037735849056,0.8365384615384616,0.10207886114563325,14.0
4,0.6795523906408952,0.6538461538461539,0.5663716814159292,0.025706236794741377,14.0
5,0.6967471143756558,0.6106194690265486,0.5565217391304348,0.08612764534910722,14.0
Mean,0.6861024365500413,0.586535708067855,0.5898439722154479,0.09956672848218626,14.0
Std,0.019001008479115004,0.04492396951165297,0.1465047169521998,0.048076451571762394,0.0
