Configuration,Description,Test_MAE,Test_RMSE,Test_R2
cnn_max_mean,[BLOCK 2] CNN max+mean pooling (concatenated) + FVC baseline,249.57979440064383,315.5449578613526,0.8372920354713769
hand_only,[BLOCK 1] Hand-crafted features + FVC baseline only,254.47059087122398,326.2068412811528,0.8212263942455875
hand_demo,[BLOCK 1] Hand-crafted + Demographics + FVC baseline,260.3069188352928,319.11515835304465,0.8338651584330116
cnn_max,[BLOCK 2] CNN max pooling + FVC baseline,264.3693764298372,323.4615067478322,0.8273523701140878
cnn_hand_demo,[BLOCK 3] CNN + Hand-crafted + Demographics + FVC baseline (FULL),270.0230031143851,334.61225191602256,0.8185475523790273
cnn_hand,[BLOCK 3] CNN + Hand-crafted + FVC baseline,274.96614736673143,328.9851522962306,0.8201890070038045
cnn_mean,[BLOCK 2] CNN mean pooling + FVC baseline,280.68075633709213,337.134714236079,0.8108659745656144
