Fold,Train C-index,Val C-index,Test C-index,Overfit gap,N_features
1,0.676056338028169,0.5391304347826087,0.6288659793814433,0.1369259032455603,4.0
2,0.6803921568627451,0.6391752577319587,0.5,0.04121689913078641,4.0
3,0.624750499001996,0.41509433962264153,0.8461538461538461,0.20965615937935445,4.0
4,0.54323499491353,0.8557692307692307,0.6991150442477876,-0.3125342358557007,4.0
5,0.6495278069254984,0.6902654867256637,0.5652173913043478,-0.040737679800165294,4.0
Mean,0.6347923591463878,0.6278869499264207,0.647870452217485,0.006905409219967029,4.0
Std,0.05586318292625162,0.16515693722094918,0.13322976546962437,0.2021769179915222,0.0
