Fold,Train C-index,Val C-index,Test C-index,Overfit gap,N_features
1,0.5784708249496981,0.5565217391304348,0.4536082474226804,0.02194908581926336,13.0
2,0.6009803921568627,0.4536082474226804,0.3867924528301887,0.1473721447341823,13.0
3,0.6157684630738522,0.6698113207547169,0.3557692307692308,-0.0540428576808647,13.0
4,0.6602238046795524,0.3269230769230769,0.45132743362831856,0.3333007277564755,13.0
5,0.6610703043022036,0.37168141592920356,0.6347826086956522,0.28938888837300003,13.0
Mean,0.6233027578324338,0.47570916003202257,0.45645599466921416,0.1475935978004113,13.0
Std,0.036587248733331156,0.13933219490299548,0.10819614891375891,0.16661099540289753,0.0
