Fold,Train C-index,Val C-index,Test C-index,Overfit gap,N_features
1,0.6639839034205232,0.5304347826086957,0.4845360824742268,0.13354912081182746,15.0
2,0.6333333333333333,0.4639175257731959,0.41509433962264153,0.1694158075601374,15.0
3,0.6586826347305389,0.7075471698113207,0.6346153846153846,-0.04886453508078181,15.0
4,0.7243133265513734,0.4423076923076923,0.5221238938053098,0.2820056342436811,15.0
5,0.7009443861490031,0.5221238938053098,0.6521739130434783,0.17882049234369335,15.0
Mean,0.6762515168369545,0.5332662128612429,0.5417087227122082,0.1429853039757115,15.0
Std,0.036127571813441735,0.1043895505891043,0.10064502523865813,0.12062834116783583,0.0
