Fold,Train C-index,Val C-index,Test C-index,Overfit gap,N_features
1,0.5407444668008048,0.508695652173913,0.4484536082474227,0.0320488146268918,1.0
2,0.5058823529411764,0.5515463917525774,0.6462264150943396,-0.04566403881140091,1.0
3,0.5164670658682635,0.35377358490566035,0.5288461538461539,0.16269348096260317,1.0
4,0.5671414038657172,0.5288461538461539,0.5,0.038295250019563354,1.0
5,0.5566631689401889,0.5,0.508695652173913,0.05666316894018886,1.0
Mean,0.5373796916832302,0.4885723565356609,0.5264443658723659,0.048807335147569256,1.0
Std,0.02597284151307466,0.07793259067418087,0.07322975402891269,0.07474617176594468,0.0
