{
  "n_patients": 176,
  "statistics": {
    "mean": -4.524301442436291,
    "std": 6.118035074381015,
    "min": -28.18257491675916,
    "max": 14.68261173184358,
    "median": -3.9091097159817574,
    "q1": -7.5885244903379245,
    "q3": -0.9500830195184365,
    "iqr": 6.638441470819488,
    "skewness": -0.7219182424764681,
    "kurtosis": 2.302985466470486
  },
  "outliers": {
    "count": 9,
    "percentage": 5.113636363636364,
    "lower_bound": -17.546186696567155,
    "upper_bound": 9.007579186710796
  },
  "normality_test": {
    "shapiro_statistic": 0.9448742399483091,
    "shapiro_pvalue": 2.5215714761720853e-06,
    "is_normal": false
  },
  "correlations": {
    "avg_tissue_by_total": -0.18286452402813544,
    "avg_tissue": -0.16713271901225416,
    "avg_num_tissue_pixel": -0.15051525525889553,
    "avg_tissue_by_lung": -0.12774879471142556,
    "avg_tissue_thickness": 0.08301968148580267,
    "skew": 0.0778011835250226,
    "kurtosis": 0.06318324287793911,
    "mean": -0.0586939495877626,
    "approx_vol": -0.04671740344974322,
    "age": NaN
  }
}