Fold,Train C-index,Val C-index,Test C-index,Overfit gap,N_features
1,0.5774647887323944,0.5478260869565217,0.4536082474226804,0.02963870177587269,14.0
2,0.5970588235294118,0.4536082474226804,0.41509433962264153,0.14345057610673134,14.0
3,0.6117764471057884,0.660377358490566,0.33653846153846156,-0.04860091138477762,14.0
4,0.6531027466937945,0.3173076923076923,0.49557522123893805,0.33579505438610224,14.0
5,0.6442812172088143,0.37168141592920356,0.6086956521739131,0.2725998012796107,14.0
Mean,0.6167368046540407,0.4701601602213327,0.46190238439932696,0.14657664443270785,14.0
Std,0.031761988784253195,0.13743224197306447,0.10081917268535408,0.16082908300260054,0.0
