Fold,Train C-index,Val C-index,Test C-index,Overfit gap,N_features
1,0.7122736418511066,0.43478260869565216,0.4536082474226804,0.2774910331554545,14.0
2,0.6931372549019608,0.44329896907216493,0.5566037735849056,0.24983828582979584,14.0
3,0.6596806387225549,0.4339622641509434,0.16346153846153846,0.22571837457161148,14.0
4,0.6836215666327569,0.34615384615384615,0.4336283185840708,0.3374677204789107,14.0
5,0.6967471143756558,0.3893805309734513,0.4434782608695652,0.3073665834022045,14.0
Mean,0.689092043296807,0.4095156438092117,0.41015602778455207,0.27957639948759544,14.0
Std,0.019412027171625205,0.04122350663625115,0.1465047169521998,0.044477776396312466,0.0
