Metric,Mean,Std
Val Loss (normalised MSE),0.10872411355376244,0.03984857792431325
Test MAE (mL),264.46364274853846,22.299594849604535
Test RMSE (mL),340.8353481383648,31.25877201272761
Test R²,0.8161850468872072,0.03846061336616703
