fold,val_loss,test_mae,test_rmse,test_r2
0,0.07830277395745118,244.10225768904598,315.68079062251826,0.7855574505695195
1,0.09290880523622036,241.48222105994046,311.33764105770933,0.8365144088918569
2,0.18726740032434464,285.5366129188969,388.04506699130485,0.8569067199845597
3,0.08652693033218384,296.23330147086034,368.2867111294234,0.8452661813950552
4,0.09861465791861217,254.96382060394853,320.82653089086796,0.7566804735950441
