Fold,Train C-index,Val C-index,Test C-index,Overfit gap,N_features
1,0.5120724346076458,0.33043478260869563,0.422680412371134,0.1816376519989502,5.0
2,0.5274509803921569,0.5567010309278351,0.4716981132075472,-0.029250050535678196,5.0
3,0.5868263473053892,0.6415094339622641,0.3076923076923077,-0.054683086656874935,5.0
4,0.6388606307222787,0.28846153846153844,0.49557522123893805,0.3503990922607403,5.0
5,0.5855194123819517,0.5309734513274337,0.6434782608695652,0.05454596105451803,5.0
Mean,0.5701459610818845,0.46961604745755336,0.4682248630758984,0.10052991362433109,5.0
Std,0.0510677979907095,0.15254855152888527,0.12177731451745546,0.16737794814751525,0.0
