Metric,Mean,Std
Val MAE,0.1128057917269567,0.0310149823751496
Test MAE,0.34593281053171,0.0575222175586018
Test RMSE,0.4336147221261561,0.1072480927107382
Test R²,0.7977744606289031,0.0491102492108225
Val MAE (mL),95.11647376335523,26.151456518272763
Test MAE (mL),291.68634511662424,48.50203534288306
Test RMSE (mL),365.61866823599644,90.43028944100853
