Fold,Train C-index,Val C-index,Test C-index,Overfit gap,N_features
1,0.7434607645875252,0.5739130434782609,0.6185567010309279,0.1695477211092643,14.0
2,0.7058823529411765,0.5773195876288659,0.5094339622641509,0.1285627653123106,14.0
3,0.6786427145708582,0.5943396226415094,0.8461538461538461,0.08430309192934882,14.0
4,0.7232960325534079,0.6346153846153846,0.5663716814159292,0.08868064793802333,14.0
5,0.7166841552990556,0.6283185840707964,0.5652173913043478,0.08836557122825917,14.0
Mean,0.7135932039904047,0.6017012444869634,0.6211467164338405,0.11189195950344125,14.0
Std,0.02385772397310439,0.028340193054899796,0.13157037082817524,0.03693069237283154,0.0
