Fold,Train C-index,Val C-index,Test C-index,Overfit gap,N_features
1,0.6146881287726358,0.5565217391304348,0.5154639175257731,0.058166389642201,10.0
2,0.5892156862745098,0.4639175257731959,0.3867924528301887,0.12529816050131393,10.0
3,0.624750499001996,0.7358490566037735,0.4230769230769231,-0.11109855760177756,10.0
4,0.7131230925737538,0.46153846153846156,0.46017699115044247,0.25158463103529227,10.0
5,0.689401888772298,0.3893805309734513,0.6173913043478261,0.3000213577988467,10.0
Mean,0.6462358590790387,0.5214414628038635,0.4805803177862307,0.12479439627517527,10.0
Std,0.05254852094930917,0.13373360149401828,0.0900738743041781,0.16345127898736156,0.0
