Metric,Mean,Std
Val Loss (normalised MSE),0.11513003613896824,0.06341973840432247
Test MAE (mL),249.57979440064383,23.88398065671073
Test RMSE (mL),315.5449578613526,30.45500209802679
Test R²,0.8372920354713769,0.05433185434677974
