fold,val_loss,test_mae,test_rmse,test_r2
0,0.05682225463776073,214.6982880498335,256.9042492901391,0.8579774761972156
1,0.11902777819583814,234.2815297854915,339.1075720752256,0.8060493695233739
2,0.22924280911684036,249.41207911088028,317.1193066683005,0.904434690280077
3,0.11603084951639175,282.938995975049,338.6165306495882,0.8691934600719529
4,0.05452648922801018,266.5680790819647,325.97713062350937,0.7488051812842647
