{
  "model_type": "DualHeadSliceLevelCNN",
  "lambda_slope": 0.5,
  "hyperparameters": {
    "accumulation_steps": 4,
    "batch_size": 4,
    "dropout": 0.1068368910369956,
    "gradient_clip": 1.6825062009852865,
    "lr": 0.00018835689935425297,
    "optimizer": "AdamW",
    "scheduler": "ReduceLROnPlateau",
    "use_attention": false,
    "weight_decay": "1e-4"
  },
  "mean_metrics": {
    "val_loss": 1.4973512016496962,
    "fvc_52": {
      "mae": 0.8165335297584534,
      "rmse": 1.0155347747918504,
      "r2": -0.05100164413452148
    },
    "slope": {
      "mae": 0.7241435289382935,
      "rmse": 1.0041428636571919,
      "r2": -0.04312529563903809
    },
    "std_metrics": {
      "val_loss": 0.14576268118388216,
      "fvc_52": {
        "mae": 0.08131552121162917,
        "rmse": 0.056191222309597465,
        "r2": 0.06873537007401127
      },
      "slope": {
        "mae": 0.1042583222310773,
        "rmse": 0.13813576302911335,
        "r2": 0.062253572306251455
      }
    },
    "per_fold": [
      {
        "fold": 0,
        "best_val_loss": 1.5589322056089128,
        "final_metrics": {
          "fvc_52": {
            "mse": 1.080562710762024,
            "rmse": 1.0395011836270434,
            "mae": 0.7215579152107239,
            "r2": 0.04798400402069092
          },
          "slope": {
            "mse": 0.7850080132484436,
            "rmse": 0.8860067794596402,
            "mae": 0.5875982046127319,
            "r2": -0.04321479797363281
          }
        }
      },
      {
        "fold": 1,
        "best_val_loss": 1.289771090235029,
        "final_metrics": {
          "fvc_52": {
            "mse": 0.8647124767303467,
            "rmse": 0.9298991755724632,
            "mae": 0.7445166707038879,
            "r2": -0.10365581512451172
          },
          "slope": {
            "mse": 0.940112292766571,
            "rmse": 0.9695938803264855,
            "mae": 0.7058469653129578,
            "r2": -0.15034043788909912
          }
        }
      },
      {
        "fold": 2,
        "best_val_loss": 1.407767507008144,
        "final_metrics": {
          "fvc_52": {
            "mse": 1.0210678577423096,
            "rmse": 1.0104790239002042,
            "mae": 0.8459312915802002,
            "r2": -0.048128724098205566
          },
          "slope": {
            "mse": 0.9537674188613892,
            "rmse": 0.9766101672936798,
            "mae": 0.7206907272338867,
            "r2": -0.017801403999328613
          }
        }
      },
      {
        "fold": 3,
        "best_val_loss": 1.58100722857884,
        "final_metrics": {
          "fvc_52": {
            "mse": 1.1751469373703003,
            "rmse": 1.084041944470001,
            "mae": 0.916247546672821,
            "r2": -0.02506279945373535
          },
          "slope": {
            "mse": 0.8942095041275024,
            "rmse": 0.9456265140781018,
            "mae": 0.72596275806427,
            "r2": -0.003749370574951172
          }
        }
      },
      {
        "fold": 4,
        "best_val_loss": 1.649277976817555,
        "final_metrics": {
          "fvc_52": {
            "mse": 1.0276942253112793,
            "rmse": 1.0137525463895414,
            "mae": 0.8544142246246338,
            "r2": -0.1261448860168457
          },
          "slope": {
            "mse": 1.5447431802749634,
            "rmse": 1.2428769771280517,
            "mae": 0.8806189894676208,
            "r2": -0.0005204677581787109
          }
        }
      }
    ]
  }
}