Metric,Mean,Std
Val MAE,0.2188546379407247,0.0537699544149326
Test MAE,0.4245844908770831,0.1036235271609303
Test RMSE,0.5041550241778088,0.0924741512053575
Test R²,0.70889483747935,0.1146018978585688
Val MAE (mL),185.7915967409137,45.64676253350497
Test MAE (mL),360.4412099909275,87.96880318510341
Test RMSE (mL),427.9907788489194,78.50379764105064
