Metric,Mean,Std
Val MAE,0.2188546379407247,0.05376995441493263
Test MAE,0.4245844908770831,0.10362352716093039
Test RMSE,0.5041550241778088,0.09247415120535753
Test R²,0.70889483747935,0.1146018978585688
