fold,val_mae,test_mae,test_rmse,test_r2
0,0.2029239758849144,0.5667861761141788,0.6369732396126269,0.6084106750542166
1,0.2885412375132243,0.5099455183919739,0.5738510980918088,0.7301545489055437
2,0.13958373914162317,0.3479113448411226,0.4346325509188024,0.7560091398031139
3,0.194621242582798,0.2823611532940584,0.38029041267030617,0.886788789142965
4,0.26860299458106357,0.415918261744082,0.49502781959549974,0.5631110344909112
