fold,val_mae,val_mae_mL,test_mae,test_mae_mL,test_rmse,test_rmse_mL,test_r2
0,0.2029239758849144,166.16892429772935,0.5667861761141788,464.1257829736722,0.6369732396126269,521.600060176717,0.6084106750542166
1,0.2885412375132243,243.4190950369724,0.5099455183919739,430.20012555205375,0.5738510980918088,484.1121365783251,0.7301545489055437
2,0.1395837391416231,114.96724237372592,0.3479113448411226,286.5549250427766,0.4346325509188024,357.9822845574739,0.7560091398031139
3,0.194621242582798,167.48154668890385,0.2823611532940584,242.98623341916445,0.3802904126703061,327.25937651892224,0.886788789142965
4,0.2686029945810635,241.1913484390819,0.415918261744082,373.4727028898374,0.4950278195954997,444.5089210912118,0.5631110344909112
