Metric,Mean,Std
Val MAE,0.11145970753083627,0.03158851397542645
Test MAE,0.32518804517279387,0.061731557761868235
Test RMSE,0.4113445458604291,0.0717393802867855
Test R²,0.805895964407866,0.06429340288019274
