fold,val_mae,val_mae_mL,test_mae,test_mae_mL,test_rmse,test_rmse_mL,test_r2
0,0.0799506331483523,74.12380726272471,0.2563304663118388,237.64902580830486,0.3306171228423617,306.52164875105626,0.7978205753154826
1,0.0893589310968915,69.06291192317111,0.4083877056837082,315.6309481540005,0.518881052037499,401.0280332987864,0.7287525364956282
2,0.1699496805667877,119.99169786407809,0.3320615680559593,234.44958068505653,0.4153602586857222,293.2619967201186,0.9182728264611218
3,0.115140113979578,100.04774020441279,0.3742379338946193,325.1834507612697,0.455767198041734,396.02599517541034,0.8210793223497196
4,0.1028991788625717,96.82653954374256,0.2549225519178435,239.87818782141002,0.3360970976948286,316.2621828493772,0.7635545614173779
