Fold,Train C-index,Val C-index,Test C-index,Overfit gap,N_features
1,0.5855130784708249,0.5739130434782609,0.5051546391752577,0.011600034992564012,9.0
2,0.5931372549019608,0.4639175257731959,0.44339622641509435,0.1292197291287649,9.0
3,0.6007984031936128,0.6037735849056604,0.47115384615384615,-0.002975181712047581,9.0
4,0.6653102746693794,0.5096153846153846,0.415929203539823,0.15569489005399484,9.0
5,0.6631689401888772,0.34513274336283184,0.5565217391304348,0.31803619682604534,9.0
Mean,0.621585590284931,0.49927045642706663,0.47843113088289113,0.1223151338578643,9.0
Std,0.03931813848455918,0.10198982975917231,0.0547703919047895,0.12983076709829228,0.0
