Metric,Mean,Std
Val Loss (normalised MSE),0.13955568589802475,0.058787288393734004
Test MAE (mL),286.6900315095668,27.345230766242157
Test RMSE (mL),362.33039510679544,33.14527453317712
Test R²,0.789476408012679,0.058574624865857856
