fold,val_loss,test_mae,test_rmse,test_r2
0,0.10064266218493383,241.55695277653447,301.87858187525666,0.8038992508107969
1,0.0875403346760019,269.60541836604216,364.3372602680287,0.7761158248904787
2,0.25267454981803894,315.87767160653374,402.3426414062353,0.8461678780890759
3,0.12547548487782478,305.7069498229007,377.19186722335803,0.8376927996041299
4,0.1314453979333242,300.7031649758229,365.90162476109845,0.683506286668914
