Fold,Train C-index,Val C-index,Test C-index,Overfit gap,N_features
1,0.5221327967806841,0.5391304347826087,0.4742268041237113,-0.016997638001924553,1.0
2,0.5392156862745098,0.4742268041237113,0.44339622641509435,0.06498888215079845,1.0
3,0.4880239520958084,0.44339622641509435,0.6346153846153846,0.04462772568071405,1.0
4,0.5106815869786369,0.36538461538461536,0.5398230088495575,0.1452969715940215,1.0
5,0.5236096537250787,0.46017699115044247,0.5391304347826087,0.06343266257463626,1.0
Mean,0.5167327351709435,0.4564630143712945,0.5262383717572713,0.06026972079964914,1.0
Std,0.018991750739564373,0.06250852733190508,0.07359407038379653,0.058044863703972875,0.0
