Fold,Train C-index,Val C-index,Test C-index,Overfit gap,N_features
1,0.5920523138832998,0.6304347826086957,0.5,-0.03838246872539586,1.0
2,0.5436274509803921,0.5,0.5660377358490566,0.04362745098039211,1.0
3,0.5289421157684631,0.5660377358490566,0.40865384615384615,-0.03709562008059353,1.0
4,0.5747711088504578,0.5913461538461539,0.7699115044247787,-0.016575044995696064,1.0
5,0.4795383001049318,0.7699115044247787,0.3695652173913043,-0.2903732043198469,1.0
Mean,0.5437862579175089,0.6115460353457369,0.5228336607637971,-0.06775977742822806,1.0
Std,0.04369738837934415,0.10044645975197188,0.15808516280331242,0.12882841896456323,0.0
