Fold,Train C-index,Val C-index,Test C-index,Overfit gap,N_features
1,0.5407444668008048,0.49130434782608695,0.5515463917525774,0.04944011897471784,1.0
2,0.5058823529411764,0.4484536082474227,0.35377358490566035,0.05742874469375375,1.0
3,0.5164670658682635,0.6462264150943396,0.47115384615384615,-0.12975934922607613,1.0
4,0.5671414038657172,0.47115384615384615,0.5,0.09598755771187106,1.0
5,0.5566631689401889,0.5,0.49130434782608695,0.05666316894018886,1.0
Mean,0.5373796916832302,0.5114276434643391,0.47355563412763413,0.025952048218891077,1.0
Std,0.02597284151307466,0.07793259067418087,0.07322975402891269,0.08893348175598056,0.0
