Fold,Train C-index,Val C-index,Test C-index,Overfit gap,N_features
1,0.7263581488933601,0.5739130434782609,0.5979381443298969,0.15244510541509926,14.0
2,0.7029411764705882,0.5670103092783505,0.5,0.13593086719223768,14.0
3,0.6706586826347305,0.5943396226415094,0.8557692307692307,0.07631905999322108,14.0
4,0.7171922685656155,0.6442307692307693,0.5486725663716814,0.07296149933484619,14.0
5,0.7082896117523609,0.6460176991150443,0.5478260869565217,0.062271912637316684,14.0
Mean,0.7050879776633311,0.6051022887487869,0.6100412056854662,0.09998568891454418,14.0
Std,0.021208309779243973,0.037896938176210336,0.14166390175706112,0.041099851851988806,0.0
