Fold,Train C-index,Val C-index,Test C-index,Overfit gap,N_features
1,0.528169014084507,0.6086956521739131,0.4845360824742268,-0.08052663808940608,3.0
2,0.5823529411764706,0.4845360824742268,0.3490566037735849,0.09781685870224383,3.0
3,0.5399201596806387,0.3490566037735849,0.6057692307692307,0.19086355590705378,3.0
4,0.5401831129196337,0.4423076923076923,0.4336283185840708,0.09787542061194143,3.0
5,0.5036726128016789,0.4424778761061947,0.391304347826087,0.06119473669548414,3.0
Mean,0.5388595681325858,0.4654147813671224,0.4528589166854401,0.07344478676546343,3.0
Std,0.028491050767231213,0.09419965071036518,0.09914472754799132,0.0985333503260623,0.0
