Fold,Train C-index,Val C-index,Test C-index,Overfit gap,N_features
1,0.6861167002012073,0.4434782608695652,0.3402061855670103,0.2426384393316421,6.0
2,0.6823529411764706,0.36082474226804123,0.5471698113207547,0.3215281989084294,6.0
3,0.6237524950099801,0.49056603773584906,0.16346153846153846,0.13318645727413103,6.0
4,0.669379450661241,0.23076923076923078,0.3893805309734513,0.43861021989201027,6.0
5,0.6862539349422875,0.35398230088495575,0.4434782608695652,0.33227163405733173,6.0
Mean,0.6695711043982373,0.37592411450552843,0.376739265438464,0.2936469898927089,6.0
Std,0.026527488687636575,0.09935505491964748,0.14184720725533534,0.11361449925453064,0.0
