Fold,Train C-index,Val C-index,Test C-index,Overfit gap,N_features
1,0.6006036217303823,0.5391304347826087,0.422680412371134,0.061473186947773595,3.0
2,0.6098039215686275,0.41237113402061853,0.5849056603773585,0.19743278754800897,3.0
3,0.56187624750499,0.6698113207547169,0.4423076923076923,-0.10793507324972695,3.0
4,0.5961342828077314,0.34615384615384615,0.584070796460177,0.24998043665388525,3.0
5,0.5204616998950682,0.5132743362831859,0.4956521739130435,0.007187363611882325,3.0
Mean,0.5777759547013599,0.49614821439899526,0.505923347085881,0.08162774030236464,3.0
Std,0.03681591282119298,0.12431468088182783,0.07652951124845399,0.14459864740111006,0.0
