Fold,Train C-index,Val C-index,Test C-index,Overfit gap,N_features
1,0.6871227364185111,0.5391304347826087,0.5567010309278351,0.14799230163590238,4.0
2,0.6813725490196079,0.5876288659793815,0.5094339622641509,0.0937436830402264,4.0
3,0.6287425149700598,0.49056603773584906,0.8269230769230769,0.13817647723421078,4.0
4,0.5493387589013224,0.7692307692307693,0.6902654867256637,-0.21989201032944683,4.0
5,0.657922350472193,0.6814159292035398,0.5304347826086957,-0.02349357873134672,4.0
Mean,0.6408997819563389,0.6135944073864297,0.6227516678898845,0.027305374569909203,4.0
Std,0.05611504770403288,0.11200168329663018,0.1341361960469494,0.15407698186345928,0.0
