Fold,Train C-index,Val C-index,Test C-index,Overfit gap,N_features
1,0.6146881287726358,0.4434782608695652,0.4845360824742268,0.17120986790307058,10.0
2,0.5892156862745098,0.5360824742268041,0.6132075471698113,0.053133212047705713,10.0
3,0.624750499001996,0.2641509433962264,0.5769230769230769,0.36059955560576956,10.0
4,0.7131230925737538,0.5384615384615384,0.5398230088495575,0.1746615541122154,10.0
5,0.689401888772298,0.6106194690265486,0.3826086956521739,0.0787824197457494,10.0
Mean,0.6462358590790387,0.4785585371961365,0.5194196822137693,0.16767732188290213,10.0
Std,0.05254852094930917,0.13373360149401828,0.0900738743041781,0.12072997077129376,0.0
