Fold,Train C-index,Val C-index,Test C-index,Overfit gap,N_features
1,0.5915492957746479,0.6608695652173913,0.5773195876288659,-0.06932026944274339,2.0
2,0.611764705882353,0.5360824742268041,0.7547169811320755,0.07568223165554888,2.0
3,0.6097804391217565,0.7547169811320755,0.5480769230769231,-0.14493654201031902,2.0
4,0.641912512716175,0.5384615384615384,0.5575221238938053,0.10345097425463656,2.0
5,0.6044071353620147,0.5221238938053098,0.6260869565217392,0.08228324155670497,2.0
Mean,0.6118828177713894,0.6024508905686239,0.6127445144506818,0.009431927202765599,2.0
Std,0.01854423407126492,0.1019185142197125,0.08488306263508877,0.11019021147022186,0.0
