Fold,Train C-index,Val C-index,Test C-index,Overfit gap,N_features
1,0.5895372233400402,0.5826086956521739,0.4639175257731959,0.006928527687866337,13.0
2,0.6049019607843137,0.4639175257731959,0.44339622641509435,0.1409844350111178,13.0
3,0.625748502994012,0.7358490566037735,0.5384615384615384,-0.11010055360976156,13.0
4,0.6856561546286877,0.41346153846153844,0.46017699115044247,0.27219461616714924,13.0
5,0.6747114375655824,0.35398230088495575,0.5565217391304348,0.32072913668062664,13.0
Mean,0.6361110558625273,0.5099638234751275,0.49249480418614117,0.1261472323873997,13.0
Std,0.042412316232306166,0.15171074775180673,0.051196096722178654,0.17988761373964876,0.0
