Metric,Mean,Std
Val Loss (normalised MSE),0.8022017429272335,0.4441587670462869
Test MAE (mL),611.4723087069308,141.36423036613326
Test RMSE (mL),772.0630151319518,189.96182299033381
Test R²,0.10022504370074328,0.18813931303213785
