fold,val_loss,test_mae,test_rmse,test_r2
0,0.34461253384749096,457.3118244658334,583.5293717801826,0.26727654710515225
1,1.1851928035418193,500.37286811057277,608.1751066417721,0.3761595935963221
2,1.465647578239441,776.2893913773548,1064.885303273021,-0.07760741632924839
3,0.5993853211402893,787.3950315368637,925.3583173422512,0.023138458242856985
4,0.41617047786712646,535.9924280440293,678.3669766225327,-0.08784196411136658
