{
  "n": 35,
  "mean": -5.455080546520778,
  "std": 5.965599941702928,
  "median": -4.497841726618702,
  "min": -23.114528530959085,
  "max": 7.197137650899671,
  "q1": -8.865317457603718,
  "q3": -1.2647219707523827,
  "iqr": 7.600595486851335,
  "extreme_pct": 20.0,
  "within_1std_pct": 68.57142857142857,
  "fold": 3,
  "split": "test"
}