{
  "n": 36,
  "mean": -4.732245145912975,
  "std": 7.191635941885413,
  "median": -4.076542832520312,
  "min": -28.18257491675916,
  "max": 11.225947841332411,
  "q1": -8.283209170390155,
  "q3": -0.7653310439015898,
  "iqr": 7.517878126488565,
  "extreme_pct": 16.666666666666664,
  "within_1std_pct": 83.33333333333334,
  "fold": 0,
  "split": "test"
}