{
  "n": 35,
  "mean": -4.682858330119587,
  "std": 5.889598341317169,
  "median": -3.9444820582261793,
  "min": -23.114528530959085,
  "max": 9.052208392994824,
  "q1": -7.878232600015638,
  "q3": -1.3505455626526757,
  "iqr": 6.527687037362962,
  "extreme_pct": 14.285714285714285,
  "within_1std_pct": 80.0,
  "fold": 1,
  "split": "val"
}