{
  "n": 35,
  "mean": -5.3316654110487205,
  "std": 5.183346921675228,
  "median": -4.406274479085023,
  "min": -24.291011284911367,
  "max": 1.8671517002974007,
  "q1": -7.245129443590362,
  "q3": -2.127871335500417,
  "iqr": 5.1172581080899455,
  "extreme_pct": 8.571428571428571,
  "within_1std_pct": 82.85714285714286,
  "fold": 1,
  "split": "test"
}