{
  "n": 106,
  "mean": -5.056117693703506,
  "std": 6.311051128803156,
  "median": -4.34795098642531,
  "min": -28.18257491675916,
  "max": 11.225947841332411,
  "q1": -8.176906101675975,
  "q3": -1.1659629451311446,
  "iqr": 7.010943156544831,
  "extreme_pct": 15.09433962264151,
  "within_1std_pct": 77.35849056603774,
  "fold": 2,
  "split": "train"
}