{
  "n": 106,
  "mean": -5.199032693490716,
  "std": 6.115022968315627,
  "median": -4.34795098642531,
  "min": -28.18257491675916,
  "max": 14.68261173184358,
  "q1": -8.008738941517258,
  "q3": -1.556563481881589,
  "iqr": 6.452175459635669,
  "extreme_pct": 16.037735849056602,
  "within_1std_pct": 83.9622641509434,
  "fold": 4,
  "split": "train"
}