Fold,Train C-index,Val C-index,Test C-index,Overfit gap,N_features
1,0.528169014084507,0.391304347826087,0.5154639175257731,0.13686466625842003,3.0
2,0.5823529411764706,0.5154639175257731,0.6509433962264151,0.06688902365069749,3.0
3,0.5399201596806387,0.6509433962264151,0.3942307692307692,-0.1110232365457764,3.0
4,0.5401831129196337,0.5576923076923077,0.5663716814159292,-0.017509194772673986,3.0
5,0.5036726128016789,0.5575221238938053,0.6086956521739131,-0.053849511092126434,3.0
Mean,0.5388595681325858,0.5345852186328776,0.5471410833145599,0.004274349499708141,3.0
Std,0.028491050767231213,0.09419965071036515,0.09914472754799133,0.09829449226214546,0.0
