{
  "cnn_auc_mean": 0.48909090909090913,
  "cnn_auc_std": 0.09027251874206643,
  "cnn_accuracy_mean": 0.5852124183006536,
  "cnn_accuracy_std": 0.10208809820001688,
  "cnn_precision_mean": 0.30666666666666664,
  "cnn_precision_std": 0.21746008573733452,
  "cnn_recall_mean": 0.2733333333333333,
  "cnn_recall_std": 0.22350739485653612,
  "cnn_f1_mean": 0.26222222222222225,
  "cnn_f1_std": 0.16771522012545073,
  "cnn_specificity_mean": 0.7393939393939394,
  "cnn_specificity_std": 0.23597481616887012,
  "cnn_sensitivity_mean": 0.2733333333333333,
  "cnn_sensitivity_std": 0.22350739485653612,
  "lgbm_auc_mean": 0.6167929292929293,
  "lgbm_auc_std": 0.1288882061189604,
  "lgbm_accuracy_mean": 0.5637254901960784,
  "lgbm_accuracy_std": 0.11673461524330109,
  "lgbm_precision_mean": 0.319047619047619,
  "lgbm_precision_std": 0.17142857142857143,
  "lgbm_recall_mean": 0.42666666666666664,
  "lgbm_recall_std": 0.3466666666666666,
  "lgbm_f1_mean": 0.32999999999999996,
  "lgbm_f1_std": 0.18867962264113208,
  "lgbm_specificity_mean": 0.6363636363636365,
  "lgbm_specificity_std": 0.3302891295379082,
  "lgbm_sensitivity_mean": 0.42666666666666664,
  "lgbm_sensitivity_std": 0.3466666666666666,
  "fused_auc_mean": 0.5636363636363637,
  "fused_auc_std": 0.10478014938981732,
  "fused_accuracy_mean": 0.5977124183006536,
  "fused_accuracy_std": 0.08575645361475688,
  "fused_precision_mean": 0.35238095238095235,
  "fused_precision_std": 0.21423279769908557,
  "fused_recall_mean": 0.36,
  "fused_recall_std": 0.24801433650317697,
  "fused_f1_mean": 0.3277777777777778,
  "fused_f1_std": 0.18459164139817943,
  "fused_specificity_mean": 0.7212121212121212,
  "fused_specificity_std": 0.21801340301339334,
  "fused_sensitivity_mean": 0.36,
  "fused_sensitivity_std": 0.24801433650317697,
  "threshold_mean": 0.5046432963678296,
  "threshold_std": 0.0549107456194696,
  "optimal_weight_mean": 0.21000000000000002,
  "optimal_weight_std": 0.38538292645108196,
  "pearson_correlation_mean": 0.09123095759045387,
  "pearson_correlation_std": 0.334216435401446,
  "spearman_correlation_mean": 0.11263097475489148,
  "spearman_correlation_std": 0.3578628584442847,
  "per_fold_results": [
    {
      "fold": 0,
      "threshold": 0.4048917743887935,
      "correlation_pearson": 0.054608557999591384,
      "optimal_weight": 0.98,
      "cnn_auc": 0.5,
      "cnn_f1": 0.4444444444444444,
      "lgbm_auc": 0.7430555555555557,
      "lgbm_f1": 0.5,
      "fused_auc": 0.5,
      "fused_f1": 0.4444444444444444
    },
    {
      "fold": 1,
      "threshold": 0.5281696164313265,
      "correlation_pearson": -0.12678492208731632,
      "optimal_weight": 0.01,
      "cnn_auc": 0.6515151515151516,
      "cnn_f1": 0.4444444444444444,
      "lgbm_auc": 0.3712121212121212,
      "lgbm_f1": 0.0,
      "fused_auc": 0.3939393939393939,
      "fused_f1": 0.0
    },
    {
      "fold": 2,
      "threshold": 0.5139576356862268,
      "correlation_pearson": -0.38958452521267756,
      "optimal_weight": 0.05,
      "cnn_auc": 0.4393939393939394,
      "cnn_f1": 0.2222222222222222,
      "lgbm_auc": 0.6515151515151515,
      "lgbm_f1": 0.4,
      "fused_auc": 0.6060606060606061,
      "fused_f1": 0.4444444444444444
    },
    {
      "fold": 3,
      "threshold": 0.504581512941119,
      "correlation_pearson": 0.5222087593422282,
      "optimal_weight": 0.01,
      "cnn_auc": 0.4727272727272727,
      "cnn_f1": 0.2,
      "lgbm_auc": 0.6909090909090909,
      "lgbm_f1": 0.5,
      "fused_auc": 0.6909090909090909,
      "fused_f1": 0.5
    },
    {
      "fold": 4,
      "threshold": 0.5716159423916819,
      "correlation_pearson": 0.3957069179104436,
      "optimal_weight": 0.0,
      "cnn_auc": 0.38181818181818183,
      "cnn_f1": 0.0,
      "lgbm_auc": 0.6272727272727272,
      "lgbm_f1": 0.25,
      "fused_auc": 0.6272727272727272,
      "fused_f1": 0.25
    }
  ]
}