Fold,Train C-index,Val C-index,Test C-index,Overfit gap,N_features
1,0.5734406438631791,0.7043478260869566,0.5154639175257731,-0.1309071822237775,1.0
2,0.5843137254901961,0.5154639175257731,0.6226415094339622,0.06884980796442297,1.0
3,0.6007984031936128,0.6226415094339622,0.47115384615384615,-0.021843106240349464,1.0
4,0.5890132248219736,0.47115384615384615,0.6106194690265486,0.11785937866812746,1.0
5,0.5372507869884575,0.6106194690265486,0.7043478260869566,-0.0733686820380911,1.0
Mean,0.5769633568714838,0.5848453136454174,0.5848453136454174,-0.007881956773933529,1.0
Std,0.024273619339142398,0.09234884662170248,0.0923488466217025,0.10163325997901375,0.0
