Fold,Train C-index,Val C-index,Test C-index,Overfit gap,N_features
1,0.7816901408450704,0.6,0.6494845360824743,0.1816901408450704,14.0
2,0.7245098039215686,0.6494845360824743,0.5943396226415094,0.07502526783909436,14.0
3,0.7095808383233533,0.6886792452830188,0.7980769230769231,0.020901593040334454,14.0
4,0.7446592065106816,0.6153846153846154,0.5575221238938053,0.1292745911260662,14.0
5,0.7502623294858342,0.6902654867256637,0.5652173913043478,0.05999684276017048,14.0
Mean,0.7421404638173017,0.6487627766951544,0.6329281193998119,0.09337768712214718,14.0
Std,0.027420134483437265,0.041256000728710794,0.09913137902410903,0.06283222397155237,0.0
