Metric,Mean,Std
Val Loss (normalised MSE),0.788385812441508,0.4427960397964886
Test MAE (mL),619.3541682345525,107.08241173333512
Test RMSE (mL),785.3610520325035,152.83926628891194
Test R²,0.056218655916591344,0.1549416112076303
