fold,val_loss,test_mae,test_rmse,test_r2
0,0.35960882405440014,578.357916048088,687.8327834765846,-0.0180764539033067
1,1.194769024848938,506.1699100824369,629.9263338940817,0.33073864337330006
2,1.419063687324524,744.3437638022142,1038.0467771700767,-0.023973586064381713
3,0.640104740858078,749.6937221727247,883.6765072224865,0.10915988559330292
4,0.32838278512159985,518.205529067299,687.3228583992877,-0.11675520941595785
