Fold,Train C-index,Val C-index,Test C-index,Overfit gap,N_features
1,0.6861167002012073,0.5391304347826087,0.6391752577319587,0.1469862654185986,5.0
2,0.6843137254901961,0.6391752577319587,0.44339622641509435,0.04513846775823738,5.0
3,0.6187624750499002,0.4811320754716981,0.8365384615384616,0.1376303995782021,5.0
4,0.6073245167853509,0.7596153846153846,0.6548672566371682,-0.15229086783003365,5.0
5,0.6694648478488983,0.6902654867256637,0.5565217391304348,-0.02080063887676542,5.0
Mean,0.6531964530751105,0.6218637278654627,0.6260997882906235,0.031332725209647805,5.0
Std,0.03743868775587013,0.11247689139179741,0.14448587022736345,0.12379524126366248,0.0
