{
  "cnn_auc_mean": 0.39954545454545454,
  "cnn_auc_std": 0.1855275653435243,
  "cnn_accuracy_mean": 0.5016339869281046,
  "cnn_accuracy_std": 0.21066141221180082,
  "cnn_precision_mean": 0.4767399267399267,
  "cnn_precision_std": 0.2801704570060903,
  "cnn_recall_mean": 0.5733333333333335,
  "cnn_recall_std": 0.3006659275674582,
  "cnn_f1_mean": 0.42330184435447593,
  "cnn_f1_std": 0.1340237931697722,
  "cnn_specificity_mean": 0.4606060606060606,
  "cnn_specificity_std": 0.3435887947408089,
  "cnn_sensitivity_mean": 0.5733333333333335,
  "cnn_sensitivity_std": 0.3006659275674582,
  "lgbm_auc_mean": 0.6167929292929293,
  "lgbm_auc_std": 0.1288882061189604,
  "lgbm_accuracy_mean": 0.5026960784313725,
  "lgbm_accuracy_std": 0.10575746083788046,
  "lgbm_precision_mean": 0.27499999999999997,
  "lgbm_precision_std": 0.13844373104863458,
  "lgbm_recall_mean": 0.5,
  "lgbm_recall_std": 0.3687817782917155,
  "lgbm_f1_mean": 0.32983193277310924,
  "lgbm_f1_std": 0.18637662793427864,
  "lgbm_specificity_mean": 0.509090909090909,
  "lgbm_specificity_std": 0.33820136795887773,
  "lgbm_sensitivity_mean": 0.5,
  "lgbm_sensitivity_std": 0.3687817782917155,
  "fused_auc_mean": 0.5826262626262626,
  "fused_auc_std": 0.10631647826973202,
  "fused_accuracy_mean": 0.5582516339869281,
  "fused_accuracy_std": 0.06864573363691638,
  "fused_precision_mean": 0.294047619047619,
  "fused_precision_std": 0.15112953402436521,
  "fused_recall_mean": 0.4,
  "fused_recall_std": 0.2756809750418045,
  "fused_f1_mean": 0.3221396250808016,
  "fused_f1_std": 0.17987485529015995,
  "fused_specificity_mean": 0.6424242424242423,
  "fused_specificity_std": 0.22301053930877696,
  "fused_sensitivity_mean": 0.4,
  "fused_sensitivity_std": 0.2756809750418045,
  "threshold_mean": 0.5025187751836746,
  "threshold_std": 0.04259488459735381,
  "optimal_weight_mean": 0.326,
  "optimal_weight_std": 0.40127795852750253,
  "pearson_correlation_mean": 0.0018911191452411157,
  "pearson_correlation_std": 0.3646284178927185,
  "spearman_correlation_mean": 0.021852580913413067,
  "spearman_correlation_std": 0.3727893945661284,
  "per_fold_results": [
    {
      "fold": 0,
      "threshold": 0.458770592605151,
      "correlation_pearson": -0.49635382927177696,
      "optimal_weight": 0.92,
      "cnn_auc": 0.625,
      "cnn_f1": 0.46153846153846156,
      "lgbm_auc": 0.7430555555555557,
      "lgbm_f1": 0.5,
      "fused_auc": 0.638888888888889,
      "fused_f1": 0.46153846153846156
    },
    {
      "fold": 1,
      "threshold": 0.5298852802831424,
      "correlation_pearson": 0.24202070855764712,
      "optimal_weight": 0.0,
      "cnn_auc": 0.393939393939394,
      "cnn_f1": 0.5555555555555556,
      "lgbm_auc": 0.3712121212121212,
      "lgbm_f1": 0.0,
      "fused_auc": 0.3712121212121212,
      "fused_f1": 0.0
    },
    {
      "fold": 2,
      "threshold": 0.48722701297266213,
      "correlation_pearson": 0.36332597110914044,
      "optimal_weight": 0.01,
      "cnn_auc": 0.10606060606060605,
      "cnn_f1": 0.21052631578947367,
      "lgbm_auc": 0.6515151515151515,
      "lgbm_f1": 0.42857142857142855,
      "fused_auc": 0.6212121212121212,
      "fused_f1": 0.42857142857142855
    },
    {
      "fold": 3,
      "threshold": 0.4650950476657356,
      "correlation_pearson": -0.3835998394112836,
      "optimal_weight": 0.7000000000000001,
      "cnn_auc": 0.5636363636363636,
      "cnn_f1": 0.5555555555555556,
      "lgbm_auc": 0.6909090909090909,
      "lgbm_f1": 0.47058823529411764,
      "fused_auc": 0.6545454545454545,
      "fused_f1": 0.47058823529411764
    },
    {
      "fold": 4,
      "threshold": 0.5716159423916819,
      "correlation_pearson": 0.2840625847424786,
      "optimal_weight": 0.0,
      "cnn_auc": 0.3090909090909091,
      "cnn_f1": 0.3333333333333333,
      "lgbm_auc": 0.6272727272727272,
      "lgbm_f1": 0.25,
      "fused_auc": 0.6272727272727272,
      "fused_f1": 0.25
    }
  ]
}