Fold,Train C-index,Val C-index,Test C-index,Overfit gap,N_features
1,0.6851106639839034,0.5217391304347826,0.6391752577319587,0.16337153354912082,5.0
2,0.6852941176470588,0.6391752577319587,0.4339622641509434,0.04611885991510012,5.0
3,0.6157684630738522,0.4716981132075472,0.8365384615384616,0.14407034986630507,5.0
4,0.6063072227873856,0.7596153846153846,0.6548672566371682,-0.153308161827999,5.0
5,0.670514165792235,0.6902654867256637,0.5565217391304348,-0.019751320933428684,5.0
Mean,0.652598926656887,0.6164986745430674,0.6242129958377933,0.03610025211381966,5.0
Std,0.03855628763919152,0.11872735201852243,0.14749839279900187,0.12937430103477682,0.0
