Metric,Mean,Std
Val MAE,0.30680162409941353,0.20870961574029342
Test MAE,0.4466009704779615,0.15952079635386732
Test RMSE,0.5569586435019506,0.17471843632533102
Test R²,0.6475052979080598,0.17937712856252427
