Metric,Mean,Std
Val MAE,0.3068016240994135,0.2087096157402934
Test MAE,0.4466009704779615,0.1595207963538673
Test RMSE,0.5569586435019506,0.174718436325331
Test R²,0.6475052979080598,0.1793771285625242
Val MAE (mL),260.4521620399655,177.17921415069117
Test MAE (mL),379.13159251217354,135.42150053038526
Test RMSE (mL),472.81719349674955,148.32318643277188
