fold,val_mae,val_mae_mL,test_mae,test_mae_mL,test_rmse,test_rmse_mL,test_r2
0,0.2118115747968355,173.44673730303518,0.5066577161881415,414.8882226409529,0.5996048928903196,491.00013746895377,0.6530085243595836
1,0.6971510450045267,588.1304105493896,0.723543024950606,610.3952068401245,0.8692692469865824,733.3327300755287,0.3808080547874092
2,0.1169507714609305,96.32574518369275,0.2927987946964362,241.1618301931711,0.3670248424023082,302.2976334717069,0.8260117250373233
3,0.1680433861911296,144.6099400899558,0.2980153911253985,256.4575067983455,0.4321098307657391,371.8526397000976,0.8538337934970948
4,0.3400513430436452,305.3482039362186,0.4119899254292249,369.9452636876783,0.5167844044648036,464.0451889211412,0.5238643918588879
