fold,val_mae,test_mae,test_rmse,test_r2
0,0.21181157479683557,0.5066577161881415,0.5996048928903196,0.6530085243595836
1,0.6971510450045267,0.723543024950606,0.8692692469865824,0.3808080547874092
2,0.11695077146093051,0.2927987946964362,0.36702484240230826,0.8260117250373233
3,0.16804338619112968,0.29801539112539854,0.4321098307657391,0.8538337934970948
4,0.3400513430436452,0.41198992542922497,0.5167844044648036,0.5238643918588879
