Fold,Train C-index,Val C-index,Test C-index,Overfit gap,N_features
1,0.7122736418511066,0.5652173913043478,0.5463917525773195,0.14705625054675886,14.0
2,0.6931372549019608,0.5567010309278351,0.44339622641509435,0.1364362239741257,14.0
3,0.6596806387225549,0.5660377358490566,0.8365384615384616,0.0936429028734983,14.0
4,0.6836215666327569,0.6538461538461539,0.5663716814159292,0.029775412786603006,14.0
5,0.6967471143756558,0.6106194690265486,0.5565217391304348,0.08612764534910722,14.0
Mean,0.689092043296807,0.5904843561907883,0.5898439722154479,0.09860768710601861,14.0
Std,0.019412027171625205,0.04122350663625115,0.1465047169521998,0.046627631329947974,0.0
