Metric,Mean,Std
Val MAE,0.2341953324774901,0.1009818559748225
Test MAE,0.4112284710575992,0.0848469803104421
Test RMSE,0.5149215478143446,0.0965290865472656
Test R²,0.7049221499754725,0.091354145033769
Val MAE (mL),198.81472551679187,85.72621736490086
Test MAE (mL),349.10292503743574,72.02888683945294
Test RMSE (mL),437.13077074766346,81.94614146772483
