Metric,Mean,Std
Val MAE,0.23419533247749014,0.10098185597482257
Test MAE,0.4112284710575992,0.08484698031044213
Test RMSE,0.5149215478143446,0.09652908654726569
Test R²,0.7049221499754725,0.09135414503376905
