fold,val_mae,test_mae,test_rmse,test_r2
0,0.16715647528568903,0.4609835382057902,0.5390688355176827,0.7195361314668113
1,0.3657328585783641,0.541126961217207,0.6793537433238842,0.6218112437938585
2,0.14334299912055334,0.4010259803822812,0.5159006501300348,0.656235353498438
3,0.14591049030423164,0.29345038051114364,0.3977693136968096,0.8761428068067817
4,0.3488338390986125,0.35955549497157335,0.4425151964033116,0.6508852143114732
