fold,val_mae,val_mae_mL,test_mae,test_mae_mL,test_rmse,test_rmse_mL,test_r2
0,0.167156475285689,136.87989093696757,0.4609835382057902,377.486880633862,0.5390688355176827,441.4288066739094,0.7195361314668113
1,0.3657328585783641,308.539473344257,0.541126961217207,456.50540745865635,0.6793537433238842,573.1162548379258,0.6218112437938585
2,0.1433429991205533,118.06353249893176,0.4010259803822812,330.3024504737785,0.5159006501300348,424.9182279325836,0.656235353498438
3,0.1459104903042316,125.56344965217563,0.2934503805111436,252.52908136964953,0.3977693136968096,342.30086602691193,0.8761428068067817
4,0.3488338390986125,313.2344230361296,0.3595554949715733,322.86190556488,0.4425151964033116,397.35535000928246,0.6508852143114732
