Fold,Train C-index,Val C-index,Test C-index,Overfit gap,N_features
1,0.6861167002012073,0.5565217391304348,0.6597938144329897,0.1295949610707725,6.0
2,0.6823529411764706,0.6391752577319587,0.4528301886792453,0.043177683444511894,6.0
3,0.6237524950099801,0.5094339622641509,0.8365384615384616,0.11431853274582915,6.0
4,0.669379450661241,0.7692307692307693,0.6106194690265486,-0.09985131856952822,6.0
5,0.6862539349422875,0.6460176991150443,0.5565217391304348,0.04023623582724323,6.0
Mean,0.6695711043982373,0.6240758854944716,0.623260734561536,0.04549521890376571,6.0
Std,0.026527488687636575,0.0993550549196475,0.14184720725533534,0.09078554261257664,0.0
