Metric,Mean,Std
Val MAE,0.2060868615284562,0.04669990736871651
Test MAE,0.3997472554171348,0.08334353723538855
Test RMSE,0.4779147022149788,0.0818580222041208
Test R²,0.7435818554617294,0.08504282975098297
