Metric,Mean,Std
Val MAE,0.2060868615284562,0.0466999073687165
Test MAE,0.3997472554171348,0.0833435372353885
Test RMSE,0.4779147022149788,0.0818580222041208
Test R²,0.7435818554617294,0.0850428297509829
Val MAE (mL),174.95268745945344,39.64480917254565
Test MAE (mL),339.35621184716575,70.75257351956371
Test RMSE (mL),405.7146627823717,69.4914797989152
