fold,val_mae,val_mae_mL,test_mae,test_mae_mL,test_rmse,test_rmse_mL,test_r2
0,0.2066761727134386,169.24149622044206,0.5281250086503432,432.46720452553757,0.60839322760666,498.19666572449563,0.6427623600160967
1,0.2913777232170105,245.81201047967167,0.4633885981405483,390.9237867764182,0.52607430832422,443.8066917509973,0.7732168135965036
2,0.1522018872201442,125.3600982849652,0.3559076173559707,293.1410030913676,0.4591055423290316,378.13930537073094,0.7277586236329401
3,0.1797429695725441,154.67803077898466,0.3001705863896538,258.3121627006709,0.3752708173008121,322.93975762697283,0.8897576993093299
4,0.2004355549191435,179.9805763203955,0.3511444665491581,315.3092448429627,0.4207296155141701,377.79304528004405,0.6844137807537765
