fold,val_mae,test_mae,test_rmse,test_r2
0,0.20667617271343866,0.5281250086503432,0.60839322760666,0.6427623600160967
1,0.2913777232170105,0.4633885981405483,0.52607430832422,0.7732168135965036
2,0.15220188722014427,0.35590761735597076,0.4591055423290316,0.7277586236329401
3,0.1797429695725441,0.3001705863896538,0.37527081730081213,0.8897576993093299
4,0.20043555491914353,0.3511444665491581,0.42072961551417015,0.6844137807537765
