{
  "cnn_auc_mean": 0.44641414141414143,
  "cnn_auc_std": 0.1685586217868302,
  "cnn_accuracy_mean": 0.5541666666666667,
  "cnn_accuracy_std": 0.15895585748562038,
  "cnn_precision_mean": 0.3571428571428571,
  "cnn_precision_std": 0.3413990157892366,
  "cnn_recall_mean": 0.24,
  "cnn_recall_std": 0.22449944320643647,
  "cnn_f1_mean": 0.22444444444444445,
  "cnn_f1_std": 0.13884888312722943,
  "cnn_specificity_mean": 0.706060606060606,
  "cnn_specificity_std": 0.3168949445430636,
  "cnn_sensitivity_mean": 0.24,
  "cnn_sensitivity_std": 0.22449944320643647,
  "lgbm_auc_mean": 0.6167929292929293,
  "lgbm_auc_std": 0.1288882061189604,
  "lgbm_accuracy_mean": 0.5637254901960784,
  "lgbm_accuracy_std": 0.11673461524330109,
  "lgbm_precision_mean": 0.319047619047619,
  "lgbm_precision_std": 0.17142857142857143,
  "lgbm_recall_mean": 0.5266666666666667,
  "lgbm_recall_std": 0.37617962612442357,
  "lgbm_f1_mean": 0.375,
  "lgbm_f1_std": 0.22360679774997896,
  "lgbm_specificity_mean": 0.5818181818181818,
  "lgbm_specificity_std": 0.3180519215370164,
  "lgbm_sensitivity_mean": 0.5266666666666667,
  "lgbm_sensitivity_std": 0.37617962612442357,
  "fused_auc_mean": 0.5361111111111111,
  "fused_auc_std": 0.14335482929050597,
  "fused_accuracy_mean": 0.5519607843137255,
  "fused_accuracy_std": 0.11054329152087489,
  "fused_precision_mean": 0.30376984126984125,
  "fused_precision_std": 0.16036901968327563,
  "fused_recall_mean": 0.4600000000000001,
  "fused_recall_std": 0.31012542265634685,
  "fused_f1_mean": 0.34757575757575754,
  "fused_f1_std": 0.19975558986950495,
  "fused_specificity_mean": 0.5984848484848485,
  "fused_specificity_std": 0.28787878787878785,
  "fused_sensitivity_mean": 0.4600000000000001,
  "fused_sensitivity_std": 0.31012542265634685,
  "threshold_mean": 0.504730408763599,
  "threshold_std": 0.04362889662469497,
  "optimal_weight_mean": 0.20400000000000001,
  "optimal_weight_std": 0.33944660846737,
  "pearson_correlation_mean": 0.16212941757249372,
  "pearson_correlation_std": 0.41434975412589475,
  "spearman_correlation_mean": 0.16608650289983787,
  "spearman_correlation_std": 0.42575566991066555,
  "per_fold_results": [
    {
      "fold": 0,
      "threshold": 0.44079086501981835,
      "correlation_pearson": 0.34702773320261854,
      "optimal_weight": 0.88,
      "cnn_auc": 0.3472222222222222,
      "cnn_f1": 0.4,
      "lgbm_auc": 0.7430555555555557,
      "lgbm_f1": 0.5,
      "fused_auc": 0.3472222222222222,
      "fused_f1": 0.45454545454545453
    },
    {
      "fold": 1,
      "threshold": 0.5241182970721624,
      "correlation_pearson": 0.4477188136320106,
      "optimal_weight": 0.04,
      "cnn_auc": 0.4242424242424242,
      "cnn_f1": 0.2222222222222222,
      "lgbm_auc": 0.3712121212121212,
      "lgbm_f1": 0.0,
      "fused_auc": 0.3787878787878788,
      "fused_f1": 0.0
    },
    {
      "fold": 2,
      "threshold": 0.4807148905641458,
      "correlation_pearson": -0.6577488479492914,
      "optimal_weight": 0.09,
      "cnn_auc": 0.24242424242424238,
      "cnn_f1": 0.16666666666666666,
      "lgbm_auc": 0.6515151515151515,
      "lgbm_f1": 0.625,
      "fused_auc": 0.6363636363636364,
      "fused_f1": 0.5333333333333333
    },
    {
      "fold": 3,
      "threshold": 0.5064120487701862,
      "correlation_pearson": 0.26811278275605127,
      "optimal_weight": 0.01,
      "cnn_auc": 0.7454545454545456,
      "cnn_f1": 0.0,
      "lgbm_auc": 0.6909090909090909,
      "lgbm_f1": 0.5,
      "fused_auc": 0.6909090909090909,
      "fused_f1": 0.5
    },
    {
      "fold": 4,
      "threshold": 0.5716159423916819,
      "correlation_pearson": 0.4055366062210797,
      "optimal_weight": 0.0,
      "cnn_auc": 0.4727272727272728,
      "cnn_f1": 0.3333333333333333,
      "lgbm_auc": 0.6272727272727272,
      "lgbm_f1": 0.25,
      "fused_auc": 0.6272727272727272,
      "fused_f1": 0.25
    }
  ]
}