Fold,Train C-index,Val C-index,Test C-index,Overfit gap,N_features
1,0.6851106639839034,0.5217391304347826,0.6391752577319587,0.16337153354912082,5.0
2,0.6843137254901961,0.6494845360824743,0.4339622641509434,0.03482918940772184,5.0
3,0.6137724550898204,0.4811320754716981,0.8365384615384616,0.13264037961812225,5.0
4,0.6073245167853509,0.7596153846153846,0.6548672566371682,-0.15229086783003365,5.0
5,0.6726128016789087,0.6902654867256637,0.5565217391304348,-0.01765268504675499,5.0
Mean,0.6526268326056359,0.6204473226660007,0.6242129958377933,0.032179509939635254,5.0
Std,0.0387964557411804,0.11644476220162087,0.14749839279900187,0.12631639059148198,0.0
