Fold,Train C-index,Val C-index,Test C-index,Overfit gap,N_features
1,0.6770623742454729,0.5304347826086957,0.6391752577319587,0.1466275916367772,4.0
2,0.6823529411764706,0.6391752577319587,0.5,0.043177683444511894,4.0
3,0.6187624750499002,0.41509433962264153,0.8461538461538461,0.2036681354272587,4.0
4,0.5462868769074263,0.8557692307692307,0.7079646017699115,-0.30948235386180445,4.0
5,0.6495278069254984,0.6991150442477876,0.5652173913043478,-0.0495872373222892,4.0
Mean,0.6347984948609537,0.6279177309960629,0.6517022193920129,0.006880763864890826,4.0
Std,0.05557893922843212,0.16726387566756168,0.1338161093136847,0.2017710145595313,0.0
