Metric,Mean,Std
Val MAE,0.13959475744049996,0.053983875472772974
Test MAE,0.3437073794574008,0.042976318459269344
Test RMSE,0.41770660051318753,0.05083542188473108
Test R²,0.7996921839799194,0.05957323013644905
