Metric,Mean,Std
Val Loss (normalised MSE),0.13129794651952884,0.039184902167711685
Test MAE (mL),261.0318459409952,9.002197124099132
Test RMSE (mL),322.8655366758776,6.381704711063113
Test R²,0.8271573911672748,0.05621014762642104
