fold,val_loss,test_mae,test_rmse,test_r2
0,0.1166911490727216,271.79251619469954,321.3495040025596,0.777786766800034
1,0.10947120531151693,270.41974283240694,335.3264024744731,0.810350492086505
2,0.20780432224273682,253.66894254480715,320.88418032811654,0.9021520978937497
3,0.12413351237773895,248.92393804861882,319.3741297042468,0.8836376149062584
4,0.09838954359292984,260.35409008444356,317.393466869992,0.761859984149827
