Fold,Train C-index,Val C-index,Test C-index,Overfit gap,N_features
1,0.5985915492957746,0.5217391304347826,0.5154639175257731,0.07685241886099203,3.0
2,0.6107843137254902,0.5257731958762887,0.6792452830188679,0.08501111784920157,3.0
3,0.6047904191616766,0.7358490566037735,0.5192307692307693,-0.1310586374420969,3.0
4,0.6480162767039674,0.5288461538461539,0.4424778761061947,0.11917012285781359,3.0
5,0.6169989506820567,0.3893805309734513,0.6260869565217392,0.22761841970860536,3.0
Mean,0.6158363019137931,0.54031761354689,0.5565009604806688,0.07551868836690313,3.0
Std,0.019247195464141727,0.12420028444761883,0.09484559739511342,0.13019778473560645,0.0
