Fold,Train C-index,Val C-index,Test C-index,Overfit gap,N_features
1,0.704225352112676,0.5739130434782609,0.5360824742268041,0.13031230863441512,14.0
2,0.6843137254901961,0.5463917525773195,0.4528301886792453,0.13792197291287656,14.0
3,0.6576846307385229,0.5471698113207547,0.8365384615384616,0.1105148194177682,14.0
4,0.6785350966429298,0.6538461538461539,0.5663716814159292,0.024688942796775915,14.0
5,0.6967471143756558,0.6017699115044248,0.5565217391304348,0.09497720287123101,14.0
Mean,0.6843011838719961,0.5846181345453828,0.5896689089981749,0.09968304932661336,14.0
Std,0.017983064853614613,0.04490248955965727,0.14507102831434826,0.045177303624603676,0.0
