Configuration,Description,Val_MAE,Test_MAE,Test_RMSE,Test_R2
cnn_hand,CNN + Hand-crafted features + FVC baseline,0.2060868615284562,0.3997472554171348,0.4779147022149788,0.7435818554617294
full,CNN + Hand-crafted + Demographics + FVC baseline (full),0.23419533247749014,0.4112284710575992,0.5149215478143446,0.7049221499754725
cnn_only,CNN features + FVC baseline only,0.2188546379407247,0.4245844908770831,0.5041550241778088,0.70889483747935
cnn_demo,CNN + Demographics + FVC baseline,0.30680162409941353,0.4466009704779615,0.5569586435019506,0.6475052979080598
